name,subtype,date,ha_accession,ha_sequence,na_accession,na_sequence,ha_risk,na_risk
A/chicken/Pakistan/062BYP/2020,H9N2,2020-01-01,EPI1905094,MEAKSLMITLLVVTTSSADKICIGHQSTNSTETVDTLTESNIPVTQAKELLHTEHNGMLCATNLGRPLILDTCTVEGLIYGNPSCDLLLGGREWSYIVERPSAVNGTCYPGNVENLEELRMLFSSASSYQRIQIFADAIWNVTYDGTSKSCSNSFYRNMRWLTQKNGNYPIQDAQYTNNLGKDILFIWGIHHPPTDTAQTNLYTRTDTTTSVTTENLDRTFKPLIGPRPLVNGLIGRINYYWSVLKPGQTLRVRSNGNLIAPWYGHVLSGESHGRILKTDLKSGNCVVQCQTEICGSNSTLQFHNISKYAFGTCPKYIGVKSLKLAIGLRNVPAKSSRGLFGAIAGFIEGGWPGLVAGWYGFQHSNDQGVGMAADRGSTQKAVDKITSKVNNIIDKMNRQYEIIDHEFSEIETRLNMINNKIDDQIQDVWAYNAELLVLLENQKTLDEHDANVNNLYNKVKSALGSYAMEDGKGFFELYHKCDDQCMETIRNGTYNRRKYTEESRLERQKIEGVKLESEGTYKILTIYSTVASSLVLAMGVAAFLFWAMSNGSCRCNICI,EPI1905097,MNPNQKIIALGSASLTIATVCLLIQIAILATTMTLHFNRNEYTNSSENHVVHCDPVIIERNITEVVHLNGTIIKKESCPREEEYKNWLKPQCRITGFVPFSKDNSIRLSAGGDIWITREPYVSCGLSKCYQFALGQGTTLNNKHSNGTTHDRSPYRTLLMSELGVPFHLGTKQVCIAWSSSSCHDGRAWLHVCVTGDDRNATASIIYDGMLTDSIGSWSQNILRTQESECVCINGTCTVVMTDGSASGRADTRILFIREGRIVHISPLSGSAQHVEECSCYPRYPEVRCVCRDNWKGSNRPVLYVNMIDYNIDSSYVCSGLVGDTPRSDDSSSSSNCRDPNNERGGPGVKGWAFDDGNDVWMGRTIEKDSRTGYETFKVIGGWTMANSKSQINRQVIVDSGNRSGYSGIFSVEGKTCINRCFYVELIRGRPQETRVWWTSNSIIVFCGTLGTYGTGSWPDGADISFMPI,0.1560283564126339,0.003550769888692248
A/chicken/Pakistan/041CP/2020,H9N2,2020-01-01,EPI1905093,MEAISLMIILLVVTTSNADKICIGHQSTNSTETVDTLTESNIPVTQAKELLHTEHNGMLCATNLGRPLILDTCTVEGLVYGNPSCDLLLGGREWSYIVERPSAVNGTCYPGNVENLEELRMLFSSASSYQRIQIFPDAIWNVTYDGTSKSCSNSFYRNMRWLTQKNGNYPIQDAQYTNNRGEDILFIWGIHHPPTDTAQTNLYTRTDTTTSVTTENLDRTFKPLIGPRPLVNGLIGRINYYWSVLKPGQTLRVRSNGNLIAPWYGHVLSGESHGRILKTDLKSGNCVVQCQTEKGGLNSTLPFHNISKYAFGTCPKYIGVKSLKLAIDLRNVPAKSSRGLFGAIAGFIEGGWPGLVAGWYGFQHSNDQGVGMAADRSSTQKAVDKITSKVNNIIDKMNRQYEIIDHEFSEIETRLNMINNKIDDQIQDVWAYNAELLVLLENQKTLDEHDANVNNLYNKVKRALGSNAMEDGKGCFELYHKCDDQCMETIRNGTYNRRKYTEESRLERQKIEGVKLESEGTYKILTIYSTVASSLVLAMGVAAFLFWAMSNGSCRCNICI,EPI1905099,MNPNQKIIALGSASLTIATVCLLIQIAILATTMTLHFNRNEYTNSSENHVVHCDPVIIERNITEVVHLNGTIIKKESCPRASEYKNWLKPQCRITGFVPFSKDNSIRLSAGGDIWITREPYVSCGLSKCYQFALGQGTTLNNKHSNGTTHDRSPYRTLLMSELGVPFHLGTKQVCIAWSSSSCHDGRAWLHVCVTGDDKNATASIIYDGMLTDSIGSWSQNILRTQESECVCINGTCTVVMTDGSASGRADTRILFIREGRIIHISPLSGSAQHVEECSCYPRYPEVRCVCRDNWKGSNRPVLYVNMIDYNIDSSYVCSGLVGDTPRSDDSSSSSNCRDPNNERGGPGVKGWAFDDGNDVWMGRTIEKDSRTGYETFKVIGGWTMANSKSQINRQVIVDSGNRSGYSGIFSVEGRTCINRCFYVELIRGRPQETRVWWTSNSIIVFCGTLGTYGTGSWPDGADISFMPI,0.14949769373077879,0.0037640517312845633
A/swine/Denmark/UCPH-S39742/2020,H3N2,2020-01-01,EPI2904581,MKTIIALSCILCLVFAQKIPGNDNSTATLCLGHHAVPNGTIVKTITNDRIEVTNATELVQNSSIGEICDSPHQILDGENCTLIDALLGDPQCDGFQNKKWDLFVERNKAYSNCYPYDVPDYASLRSLVASSGTLEFNNESFNWAGVTQNGTSSSCIRGSKSSFFSRLNWLTHLNSKYPALNVTMPNNEQFDKLYIWGVHHPGADKDQISLYAQSSGRITVSTKRSQQTVIPNIGSRPRIRDIPSRISIYWTIVKPGDILLINSTGNLIAPRGYFKIRSGKSSIMRSDAPIGKCKSECITPNGSIPNDKPFQNVNRITYGACPRYVKQSTLKLATGMRNVPERQTRGIFGAIAGFIENGWEGLVDGWYGFRHQNSEGRGQAADLKSTQAAIDQINGKLNRLIGKTNEKFHQIEKEFSEVEGRIQDLEKYVEDTKIDLWSYNAELLVALENQHTIDLTDSEMNKLFEKTKKQLRENAEDMGNGCFKIYHKCDNACMGSIRNGTYDHNVYRDEALNNRFHIKGVELKSGYKDWILWISFAISCFLLCVVLLGFIMWACQKGNIRCNICI,EPI2904579,MNPNQKIITIGSVSLTISTICFFMQIAILITTVTLHFKQYEFNSPPNNQVMLCEPTMIERNITEIVYLTNTTIEREICPKPAEYRNWSKPQCGITGFAPFSKDNSIRLSAGGDIWVTREPYVSCDPDKCYQFALGQGTTINNVHSNNTARDRTPHRTLLMSELGVPFHLGTKQVCIAWSSSSCHDGKAWLHVCITGDDKNATASFIYNGRLVDSVVSWSKDILRTQESECVCINGTCTVVMTDGNATGKADTKILFIEEGKIVHTSKLSGSAQHVEECSCYPRYPGVRCVCRDNWKGSNRPIVDINIKDHSIVSSYVCSGLVGDTPRKTDSSSSSHCLNPNNEKGGHGVKGWAFDDGNDVWMGRTINETSRLGYETFKVVEGWSNSKSKLQINRQVIVDRGDRSGYSGIFSVEGKSCINRCFYVELIRGRKEETEVLWTSNSIVVFCGTSGTYGTGSWPDGADLNLMHI,0.0003401962654170637,0.00017331897998356383
A/laying_hen/Poland/002/2020,H5N8,2020-01-01,EPI1800003,MENIVLLLAIVSLVKSDQICIGYHANNSTEQVDTIMEKNVTVTHAQDILEKAHNGKLCDLNGVKPLVLNDCSVAGWLLGNPMCDEFIRVPEWSYIVERTNPANDLCYPGSLNDYEELKHLLSRINHFEKILIIPKSSWPNHETSLGVSAACPYQGTPSFFRNVVWLIKKNDAYPTIKINYNNTNREDLLILWGIHHSNNEEEQTNLYKNPTTYISVGTSTLNQRLVPKIATRSQVNGQRGRMDFFWTILKPNDAIHFESNGNFIAPEYAYKIVKKGDSTIMKSEVEYGHCNTKCQTPVGAINSSMPFHNIHPLTIGECPKYVKSNKLVLATGLRNSPLREKRRKRGLFGAIAGFIEGGWQGMVDGWYGYHHSNEQGSGYAADKESTQKAIDGVTNKVNSIINKMNTQFEAVGREFNNLERRIENLNKKMEDGFLDVWTYNAELLVLMENERTLDFHDSNVKNLYDKVRLQLRDNAKELGNGCFEFYHKCDNECMESVRNGTYYYPQYSEEARLKREEISGVKLESIGTYQILSIYSTVASSLALAIMVAGLSLWMCSNGSLQCRICI,EPI1800005,MNPNQKIVTVGSISLGLVVFNVLLHAVSIILMVLALGKSENNGICKGTIVREYNETVRIEKVTQWYNTSVVEYVQHWNEGTYINNTEPICDVKGFAPFSKDNGIRVGSRGHIFVIREPFVSCSPIECRTFFLTQGALLNDKHSNGTVKDRSPFRTLMSVEVGQSPNVYQARFEAVAWSATACHDGKKWMTIGVTGPDSKAVAVVHYGGVPTDVVNSWAGDILRTQESSCTCIQGNCYWVMTDGPANRQAQYRIYKANQGKIIDQTDVSFSGGHIEECSCYPNDGKVECVCRDNWTGTNRPVLVISPDLSYRVGYLCAGLPSDTPRGEDAQFVGSCTSPMGNQGYGVKGFGFRQGTDVWVGRTISRTSRSGFEIIRIKNGWTQTSKEQIRRQVVIDNLNWSGYSGSFTLPVELSGRECLVPCFWVEMIRGRPEERTIWTSSSSIVMCGVDHEIADWSWHDGAILPFDIDKM,0.005166482074375733,0.02967077320684051
A/swine/Illinois/A02479030/2020(H1N2),H1N2,2020-01-02,EPI1785473,MKAILLVLLHTFAAANADTICIGYHANNSTDTVDTVLEKNVTVTHSVNLLEDKHNGKLCKLGGKSPLYLGKCNIAGWLLGNPECESILTVSSWSYIVETSNSDNGTCYPGSFTNYEELREQLSSVSSFEKFEIFPIESSWPNHKTGATASCSYAGKSSFYRNLVWLVKKDDSYPRLNISYVNNKGKEVLVLWGIHHPPTGNDQEWLYKNANASVFVGTSTYSQKFKPEIATRPKVKGQTGRMNYYWTLVEPGDTITFEATGNLVVPRYAFAMNRGSGSGIIVSDAPIHDCNTTCQTPKGALNTSLPFQNVHPVTIGECPKYVKSRRLKMATGLRNIPSIQSRGLFGAIAGFIEGGWTGMVDGWYGYHHQNDQGSGYAADQKSTQRAIDGITNKVNSVIEKMNTQFTAVGKEFNNLERRIENLNRKVDDGFLDVWTYNAELLVLLENERTLDFHDSNVKNLYEKVRNQLRNNAKEIGNGCFEFYHKCDNTCMESVKNGTYNYLKYSEESKLNREEIDGVKLDSTRVYQILAIYSTVASSLVLLVSLGALSFWMCSNGSLQCRICI,EPI1785474,MNPNQKIITIGSVSLTIATMCFLMQIAILVTTVTLHFKQYECNYPPNNQVILCEPIIIERNITEIVYLTNTTIEKEICPKLAEYRNWSKPQCKITGFAPFSKDNSIRLSAGGDIWVTREPYVSCDPDKCYQFALGQGTTLNNRHSNDTVHDRTPYRTLLMNELGVPFHLGTKQVCIAWSSSSCHVGKAWLHVCVTGHDENATASFIYDGRLVDSIGSWSKKILRTQESECVCINGTCTVVMTDGSASGRADTKILFIEEGKIVHISPLLGSAQHVEECSCYPRYPGVRCVCRDNWKGSNRPIVDINVKDYSIVSSYVCSGLVGDTPRKNDRSSSSNCLNPNNEEGGHGVKGWAFDDGNDVWMGRTINEKLRSGYETFKVIEGWSKPNSKLQINRQVIVDRVDRSGYSGIFSVEGKSCINRCFYVELIRGRKQETEVWWTSNSIVVFCGTSGTYGTGSWPDGADINLMPI,0.005529846943881944,0.0006949580506148365
A/swine/Iowa/A02478990/2020(H1N1),H1N1,2020-01-02,EPI1785499,MKAVLVVLLYTFTTANADTLCIGYHANNSTDTVDTVLEKNVTVTHSVNLLENRHNGKLCKLRGVAPLHLGKCNIAGWLLGNPECESLSTASSWSYIVETSNSENGTCYPGDFINYEELREQLSSVSSFEKFEIFPKTDSWPNHDTDRGVTAACPHAGTKSFYRNLVWLIQKENSYPKVNKSYINDKEKEVLVLWAIHHPSTNADQQSLYKNSDAYVFVGSSRYSKKFEPEIATRPKVRDQTGRMNYYWTLVEPGEKITFEATGNLVAPRYAFALKRNSGSGIIISDTSVHDCDTTCQTPNGAINTSLPFQNIHPVTIGECPKYVKSTKLRMATGLRNIPSIQSRGLFGAIAGFIEGGWTGMIDGWYGYHHQNEQGSGYAADLKSTQNAIDGITNKVNSVIEKMNTQFTAVGKEFSHLEKRIENLNKKVDDGFLDIWTYNAELLVLLENERTLDYHDSNVKNLYEKVRSQLKNNAKEIGNGCFEFYHKCDDMCMESVKNGTYDYPKYSEEAKLKREEIDGIKLESTRIYQILAIYSTVASSLVLVVSLGAISFWMCSNGSLQCRICI,EPI1785500,MNTNQRIITIGTVCLIVGIISLLLQIGNIVSLWVSHSIQTRWENHTEVCNQNAITYVNNTWVNRTYLNISNIKIATMQDVTSIMLTGNSSLCPVSGWAVYSKDNSIRIGSKGDIFVIREPFISCSQLECRTFFLTQGALLNDKHSNGTIKDRSPYRTLMSCPIGEAPSPYNSRFESVAWSASACHDGMGWLTIGISGPDNGAVAVLKYNGIITDTIKSWRNRILRTQESECVCMNGSCFTVLTDGPSNGQASYKIFKVEKGKIIKSIELDAPNYHYEECSCYPDSGKVMCVCRDNWHASNRPWVSFNQNLDYQIGYICSGVFGDNPRSNDGKGNCGPVLSNGANGVKGFSYRYGNGVWIGRTKSINSRRGFEMIWDPNGWTETDSSFSMKQDIIALNDWSGYSGSFVQHPELTGMNCIRPCFWVELIRGQPKENTIWASGSSISFCGVNSETASWSWPDGADLPFTIDK,0.0009926269188266837,0.005210499753367781
A/swine/Illinois/A02478989/2020,H1N2,2020-01-02,EPI1777623,MKVKLMVLLCTFTATYADTICVGYHANNSTDTVDTVLEKNVTVTHSVNLLEDSHNGKLCLLKGIAPLQLGSCSVAGWILGNPECELLTSKESWSYIVETSNPENGTCYPGHFEDYEELREQLSSISSFKKFEIFPKRSSWPNHTVTGVSSSCSHNGNSSFYRNLLWLTVKNNLYPNLSKSYTNKEEKEILILWGVHHPSNMEDQRALYHTENAYVSVVSSHYSRRFTPEIAKRPKVRNQGGRINYYWTLLEPGDTIIFEASGNLIAPRYAFKLSKGFGSGIITSNAPMGECNTKCQTPQGAINSSLPFQNVHPVTIGECPKYVRSAKLRMVTGLRNTPSIQSRGLFGAIAGFIEGGWTGMVDGWYGYHHQNEQGSGYAADQQSTQNAINGITNKVNSVIEKMNTQFTAVGKEFNKLERRMENLNKKVDDGFLDIWTYNAELLVLLENERTLDFHDSNVKNLYEKVKSQLKNNAKEIGNGCFEFYHKCDDACMDSVKNGTYDYPKYSEESKLNREKVDGVKLESMGVYNILAIYSTIASSLVLLVSLGAICFWMCSNGSLQCRICI,EPI1777624,MNPNQKIITIGSISLTLAAMCFFMQTAILVTNVTLHFNQCECHYPPNNQVILCEPTIIERNTTKIVYLTNTTIEKEKCPKLAEYRNWSKPQCKITGFAPFSKDNSIRLSAGGDIWVTREPYVSCDPDKCYQFALGQGTTLDNRHSNNTFHDRTPYRTLLMNELGIPFHLGTKQVCIAXSSSSCHDGKAWLHVCITGHDENATASIIYNGRLVDSIVSWSKKILRTQESECVCINGTCTVVMTDGSASGRADTKILFIEEGKIIHISPLIGSAQHVEECSCYPRYPGVRCICRDNWKGSNRPVVDINVKDYSIVSSYVCSGLVGDTPRKDDKSSSSNCLNPNNEKGEHGVKGWAFDDGKDVWMGRTINETLRSGYETFKVIEGWSKSNSKLQINRQVIVEKSDRSGYSGIFSVESKSCINRCFYVELIRGRKQENAVWWTSNSIVVFCGTSGTYGTGSWPDGADINLMPI,0.019130834765022454,0.00023177644164299962
A/duck/China/GVRI-403D49/2020,H3N2,2020-01-02,EPI2876781,MKTIIALSYILCLAFGQNLPGNNSSTATLCLGHHAVPNGTIVKTITDDQIEVTNATELVQSSSTGKICNNPHKILDGRDCTLIDAMLGDPHCDVFQDETWDLFVERSSAFSSCYPYDVPDYASLRSLIASSGTLEFITEGFTWTGVSQNGGSGACKRGPTNGFFSRLNWLTKSGSSYPLLNVTMPNNDNFDKLYIWGVHHPSTNQEQTNLYVQASGRVTVSTRRSQQTIVPNIGSRPWVRGQSGRISIYWTIVKPGDVLVINSNGNLIAPRGYFKIRTGRSSIMRSDAPIETCISECITPNGSIPNDRPFQNVNKITYGACPKYVKQNTLKLATGMRNVPEKQTRGLFGAIAGFIENGWEGMIDGWYGFRHQNSEGTGQAADLKSTQAAIDQINGKLNRVIEKTNEKFHQIEKEFSEVEGRIQDLEKYVEDTKVDLWSYNAELLVALENQHTIDLTDSEMNKLFEKTRRQLRENAEDMGNGCFKIYHKCDNACIESIRNGTYDHDIYRDEALNNRFQIRGVELKSGYKDWILWISFAISCFLLCVVLLGFIMWACQRGNIRCNICI,EPI2876779,MNPNQKIITIGSVSLTIAIVCFLMQIAILATTVTLHFKQNECSIPLNNQVVPCEPIIVERNITEIVYLNNTIIEKEPCSKMVDYRNWSKPQCQITGFAPFSKDNSIRLSAGGDIWVTREPYVSCSPNKCYQFALGQGTTLDNKHSNGTIHDRIPHRTLLMNELGIPFHLGTKQVCIAWSSSSCHDGKAWLHVCVTGDDRNATASFIYDGILVDSIGSWSQNILRTQESECVCINGTCAVVMTDGSASGRADTRILFIKEGKIVHTSPLSGSAQHIEECSCYPRHPDVRCVCRDNWKGSNRPIIDINMADYSIDSSYVCSGLVGDTPRNDDGSSNSNCRDPNNERGNPGVKGWAFDYGNDVWMGRTISKDSRSGYETFRVINGWTTANSKSQVNRQVIVDNSNWSGYSGIFSVESKSCINRCFYVELIRGRPQETRVWWTSNSIVVFCGTSGTYGTGSWPDGANVNFMPI,0.0004691228887521477,0.01706844131574497
A/swine/Iowa/A02478967/2020,H1N1,2020-01-02,EPI1777439,MKAILVVLLYTFTTANADTLCIGYHANNSTDTVDTVLEKNVTVTHSVNLLENRHNGKLCKLRGVAPLHLGKCSIAGWLLGNPECESLSTARSWSYIVETSKSENGTCYPGDFINYEELREQLSSVSSFERFEIFPKTSSWPNHDTNIGVTAACPHAGTSSFYRNLVWLVXKGNSYPKINKSYINNKEMEVLVLWAIHHPSTSADQQTLYKNADAYVFVGSSKYSRKFVPEIATRPKVRDQAGRMNYYWTLVEPGDKITFEATGNLVAPRYAFALKRNSGSGIIISDTSVHDCDTTCQTPNGAINTSLPFQNIHPVTIGECPKYVKSTKLRMATGLRNIPSIQSRGLFGAIAGFIEGGWTGXIDGWYGYHHQNEQGSGYAADLKSTQNAIDGITNKVNSVIEKMNIQFTAVGKEFSHLERRIENLNKKVDDGFLDIWTYNAELLVLLENERTLDYHDSNVKNLYEKVRSQLKNNAKEIGNGCFEFYHKCDDMCMESVKNGTYDYPKYSEEAKLNREEIDGVKLESTRIYQILAIYSTVASSLVLVVSLGAISFWMCSNGSLQCRICI,EPI1777440,MNTNQRIITIGTVCMIVGIISLLLQIGNIVSLWISHSIQIEWENHTGVCNQSVITYVNNTWVNQTHVNISNIKIDTIQDVTPIILAGNSPLCPVSGWAVYSKDNSIRIGSKGDIFVIREPFISCSQLECRTFFLTQGALLNDKHSNGTVKDRSPYRTLMSCPIGEAPSPYNSRFESVAWSASACHDGMGWLTIGISGPDNGAVAVLKYNGIITDTIKSWRNKILRTQESECVCMNGSCFTVLTDGPSNGQASYKIFKVEKGKIIKSVELDAPNYHYEECSCYPDTGKVMCVCRDNWHASNRPWVSFSQNLDYQIGYICSGVFGDNPRSTDGKGNCGPVLSNGANGVKGFSYRYGNGVWIGRTKSINSRRGFEMIWDPNGWTETDSSFSMKQDIIALNDWSGYSGSFVQHPELTGMNCIRPCFWVELIRGQPKESTIWASGSSISFCGVNSETASWSWPDGADLPFTIDK,0.0008277063316051508,0.005025411894165377
A/swine/Iowa/A02478968/2020,H1N2,2020-01-02,EPI1777449,MKVKLLILLCTFTAAYADTICIGYHANNSTDTVDTVLEKNVTVTHSVNLLEDSHNGKLCLLKGIAPLQLGNCSVAGWILGNPECESLISKESWSYIVEAPDSDNGACYPGQFADYEELREQLSSVSSFERFEIFPRESSWPNHTVTGVSASCSHNGKGSFYRNLIWLTVKNGLYPNLSKSYENDKGKEVLILWGVHHPSNIGDQRTLYHTENAYVSVMSSHYSRRFTPEITKRPKVRDQEGRINYYWTLLEPRDTIIFETNGNLIAPWYAFALSRGLGSGIITSKAPMNECDTKCQTPKGAINSNLPFQNVHPVTIGECPKYVRSTKLRMVTGLRNIPSIQSRGLFGAIAGFIEGGWTGMVDGWYGYHHQNEQGSGYAADRESTQNAINGITNKVNSVIEKMNTQFTAVGKEFSKLERRMENLNKKVDDGFLDIWTYNAELLVLLENERTLDFHDSNVKSLYEKVKSQLKNNAKEIGNGCFEFYHKCNNECMESVRNGTYDYPKYSEESKLNRKKIDGVKLDSMGVYRILSIYSTVASSLVLLVSLGAISFWMCSNGSLQCRVCI,EPI1777450,MNPNQKIITIGSVSLTIATICFLMQVAILLTTVSLNFRQHDCNSSPNNQVIFCEPTIIERNKTEIVYLTNTTVEKEICPKPAEYRNWSKPQCNITGFAPFSKDNSIRLSAGGDIWVTREPYVSCDLDKCYQFALGQGTTLNNRHSNDTVHDRTPYRTLLMNELGVPFHLGTRQVCIAWSSSSCHDGKAWLHVCVTGDDENATASFIYNGRLVDSIGSWSKNILRTQESECVCINGTCTVVMTDGSASGKADTKILFVVEGKIIHVSKLSGSAQHVEECSCYPRYPGVRCVCRDNWKGSNRPIVDINVKDYSIVSSYVCSGLVGDTPRKSDSLSNSHCLNPNNEKGGHGVKGWAFDDGDDVWMGRTINETSRLGYETFKVIKGWSKPNSKLQTNRQVIVEEGNRSGYSGIFSVEGKNCINRCFYVELIRGRKEETRVWWTSNSIVVFCGTSGTYGTGSWPDGADINLMPI,0.034382566542678406,0.0010441601741386021
A/chicken/Shandong/049/2020,H9N2,2020-01-02,EPI2200625,METVSLITILLAATVSNADKICIGYQSTNSTETVDTLTENNVPVTHAKELLHTEHNGMLCATSLGQPLVLDTCTIEGLIYGNPSCDPLPEGREWSYIVERPSAVNGLCYPGNVENLEELRSLFSSARSYQRIQIFPDTIWNVSYDGTSNTCSGSFYRNMRWLTRKDGNYPTQDAQYTNNQGKNILFMWGINNPPTDDKQRNLYTRTDTTTSVATEEINRIFKPLIGPRPLVNGLMGRINYYWSVLKPGQTLRIKSDGNLIAPWYGYILSGESHGRILRTDLKRGSCTVQCQTEKGGLNTTLPFQNVSKYAFGNCSKYIGIKSLKLAVGLRNVPSRSNRGLFGAIAGFIEGGWSGLVAGWYGFQHSNDQGVGMAADRESTQKAVDKITSKVNNIVDKMNKQYEIIDHEFSEVETRLNMINNKIDDQIQDIWAYNAELLVLLENQKTLDEHDANVNNLYNKVKRALGSNAVEDGKGCFELYHKCDDQCMETIRNGTYNRRKYQEESKLERQKIEGVKLESEGTYKILTIYSTVASSLVIAMGFAAFLFWAMSNGSCRCNICI,EPI2200627,MNPNQKITAIGSVSLIIAIICLLMQIAILTTTMTLHFGQKECSNPSNNQVMPCEPIIIERTTVHLNSTTIEREICPKAAEYKNWSKPQCLITGFAPFSKDNSIRLSAGGDIWVTREPYVSCSPDKCYQFALGQGTTLKNEHSNGTTHDRTPHRTLLMNELGVPFHLGTKQVCIAWSSSSCYDGKAWLHICVTGNDKNATASIIYDGMLVDSIGSWSKNILRTQESECVCINGTCAVVMTDGSASGVADTRVLFIREGKIINIRPLSGSAQHVEECSCYPRYPEIRCVCRDNWKGSNRPIIYINMADYSIESSYVCSGLVGDTPRNDDSSSSSNCRDPNNERGAPGVKGWAFDDGNDVWMGRTIKNGSRSGYETFRVINGWTMANSKSQINRQIIVDSDDLSGYSGIFSVEGKECINRCFYVELIRGRPHEPRVWWTSNSIIVFCGTSGTYGTGSWPDGANINFMPI,0.1490646610903226,0.038987938641449775
A/swine/Iowa/A02478969/2020,H1N1,2020-01-02,EPI1777657,MKAILVVLLYTFTTANADTLCIGYHANNSTDTVDTVLEKNVTVTHSVNLLEDKHNGKLCKLRGVAPLHLGKCNIAGWILGNPECDSLSTARSWSYIVETSNSDNGTCYPGDFINYEELREQLSSVSSFERFEIFPKTNSWPNHDSNKGVTAACPHAGVKSFYKNLIWLVKKGNSYPKINQTYINDKGKEVLVLWGIHHPPTTADQQSLYQNADAYVFVGTSRYSKKFKPEIATRPKVRDQEGRMNYYWTLVEPGDKITFEATGNLVVPRYAFTMERNAGFGIIISDTPVHDCNTTCQTPEGAINTSLPFQNVHPITIGTCPKYVKSTKLRLATGLRNVPSIQSRGLFGAIAGFIEGGWTGMVNGWYGYHHQNEQGSGYAADLKSTQNAIDKITNKVNSVIEKMNTQFTAVGKEFNHLEKRMENLNKKVDDGFLDIWTYNAELLVLLENERTLDYHDSNVKNLYEKVRNQLKNNAKEIGNGCFEFYHKCDNTCMESVKNGTYDYPKYSEEAKLSREKIDGVKLDSTRIYQILAIYSTVASSLVLVVSLGAISFWMCSNGSLQCRICI,EPI1777658,MNPNQKIITIGSICMTIGMANLILQIGNIISIWVSHSIQIGNQSQIETCNQSVITYENNTWVNQTYVNISNTNFAARQSAASVKLAGNSSLCPVSGWAIYSKDNSVRIGSKGDVFVIREPFISCSPLECRTFFLTQGALLNDKHSNGTIKDRSPYRTLMSCPIGEVPSPXNSRFESVAWSASACHDGINWLTIGISGPDSGAVAVLKYNGIITDTIKSWRNNILRTQESECACVNGSCFTIMTDGPSDGQASYKIFRIEKGKIIKSVEMKAPNYHYEECSCYPDSSEITCVCRDNWHGSNRPWVSFNQNLEYQIGYICSGVFGDNPRPNDKTGSCGPVSSNGANGVKGFSFKYGNGVWIGRTKSISSRKGFEMIWDPNGWTGIDNKFSIKQDIVGINEWSGYSGSFVQHPELTGLDCIRPCFWVELIRGRPGENTIWTSGSSISFCGVDSDTVGWSWPDGAELPFTIDK,0.00024342047794091712,0.0005896947046140216
A/swine/Italy/16130/2020,H3N2,2020-01-03,EPI2142215,MKTVIALSYVFCLGFGQDFPRKGDSTATLCLGHHAVPNGTLVKTITDDQIEVTNATELVQNVSIGKICKNPHRILDGANCTLIDSLLGDPHCDGFQNERWDLFIERSRAFSNCYPYDVPEYTSLRSLIASSGTLEFTNENFNWTGVTQNGGSSACKRGINKSFFSRLNWLYKSGNTYPVQNVTMPNSDDYDKLYIWGVHHPSTDKEQTDLYIQASGKIIVSTKRSQQIVIPNIGSRPWVRGLSSRISIYWTIVKPGDTLIINSNGNLIAPRGYFKIQTGKSSVMRSDAPIGTCNSECITPNGSIPNDKPFQNVNRITYGACPHYIKQNTLKLATGMRNIPEKQTRGIFGAIAGFIENGWEGMVNGWYGFRHQNSEGTGQAADLKSTQAAINQINGKLNRVIEKTNEKFHQIEKEFSEVEGRIQDLERYVEDTKIDLWSYNAELLVALENQHTIDLTDSEMNKLFEKTRKQLRENAEDMGNGCFKIYHKCDNSCMESIRNGTYDHNEYRDEAVNNRFQIKGVELKSGYKDWILWISFAISCFLLCAIWLGFIIWTCQKGNIRCNICI,EPI2142165,MNPNQKIITIGSVSLTITTMCLFMQIAILITTVTLHFKQYECDSPANNQVIPCEPIIIEKNITKIVYVTNTTIEKEVCPKLREYRNWSKPQCRITGFAPFSKDNSVRLSAGGAIWVTREPYVSCDPNKCYQFALGQGTTLDNKHSNDTIHDRTPYRTLLMNELGVPFHLGTRQVCIAWSSSSCHDGKSWLHVCVTGHDKNATASFIYDGKLVDSISSWSQNILRTQESECVCINGICTVVMTDGSASGKADTKILFIEEGKVIHISPLLGSAQHVEECSCYPRYPDVRCVCRDNWKGSNRPIIDIRMKDYSISSSYMCSGLVGDTPRNNDGSSNSNCRNPNNERGNHGVKGWAFDDGNDTWMGRTINKDSRLGYETFKVVGGWSQPNSKLQVNRQVIVDSDNRSGYSGIFSVEGKSCINRCFYVELIRGRRQETRVWWTSNSVVVFCGTSGTYGSGSWPDGADINFMPI,0.0017165859440586716,0.001176316296829337
A/swine/Italy/1034/2020,H3N2,2020-01-03,EPI2142213,MKTVIALSYVFCLGFGQDFPRKGNSTATLCLGHHAVPNGTLVKTITDDQIEVTNATELVQNVSIGKICKNPHRILDGANCTLVDSLLGDPHCDGFQNERWDLFIERSWAFSNCYPYDVPEYTSLRSLIASSGTLEFTNENFNWTGVTQNGGSSACKRGIDKSFFSRLNWLYKSGNTYPMQNVSMPNSDDYDKLYIWGVHHPSTDKEQTDLYIQASGKIIVSTKRSQQVVIPNIGSRPWVRGLSSRISIYWTIVKPGDTLIINSNGNLIAPRGYFKIQTGKSSVMRSDAPIGTCNSECITPNGSIPNDKPFQNVNRITYGACPHYIKQNTLKLATGMRNIPEKQTRGIFGAIAGFIENGWEGMVNGWYGFRHQNSEGTGQAADLKSTQAAINQINGKLNRVIEKTNEKFHQIEKEFSEVEGRIQDLERYVEDTKIDLWSYNAELLVALENQHTIDLTDSEMNKLFEKTRKQLRENAEDMGNGCFKIYHKCDNSCMESIRNGTYDHNEYRDEAVNNRFQIKGVELKSGYKDWILWISFAISCFLLCAIWLGFIIWTCQKGNIRCNICI,EPI2142161,MNPNQKIITIGSVSLTIATMCLFMQIAILITTVTLHFKQYECDSPANNQVIPCEPIIIEKNIPKIVYVTNTTIEKEVCPKLREYRNWSKPQCRITGFAPFSKDNSVRLSAGGAIWVTREPYVSCDPNKCYQFALGQGTTLDNKHSNDTIHDRTPYRTLLMNELGVPFHLGTRQVCIAWSSSSCHDGKSWLHVCVTGHDKNATASFIYDGKLVDSISSWSQNILRTQESECVCINGICTVVMTDGSASGKADTKILFVEEGKVIHISPLLGSAQHVEECSCYPRYPDVRCVCRDNWKGSNRPIIDIRMKDYSISSSYMCSGLVGDTPRNNDGSSNSNCRNPNNERGNHGVKGWAFDDGNDTWMGRTINKDSRLGYETFKVVGGWSQPNSKLQVNRQVIVDSDNRSGYSGIFSVEGKSCINRCFYVELIRGRRQETRVWWTSNSVVVFCGTSGTYGSGSWPDGADINFMPI,0.0017395265294674522,0.0012495180897416813
A/chicken/China/2046/2020,H9N2,2020-01-04,EPI2116797,METVSLITILLVAAVSNADKICIGYQSTNSTETVDTLTENNVPVTHAKELLHTEHNGMLCATSLGQPLILDTCTIEGLIYGNPSCDLSLEGKEWSYIVERPSAVNGLCYPGNVENLEELRSLFSSARSYQRIQIFPDTIWNVSYDGTSTACSGSFYKSMRWLTLKNGDYPIQDAQYTNDQGKNILFTWGINHPPTDTTQRDLYTRTDTTTSVATEEINRVFKPLIGPRPRVNGLMGRIDYYWSVLKPGQTLRIKSDGNLIAPWFGHILSGESHGRILKTDLKRGSCTVQCQTEKGGLNTTLPFQNVSKYAFGNCQKYIGIKSLKLAVGLRNVPSRSSRGLFGAIAGFIEGGWSGLVAGWYGFQHSNDQGVGMAADRDSTQKAIDKITSKVNNIVDKMNKQYEIIDHEFSEVETRLNMINNKIDDQIQDIWAYNAELLVLLENQKTLDEHDANVNNLYNKVKRALGSNAVEDGKGCFELYHKCDDQCMETIRNGTYNRRKYQEESKLKRQKIEGVKLESEGTYKILTIYSTVASSLVIAMGFAAFLFWAMSNGSCRRNICI,EPI2116795,MNPNQKITAIGSVSLIIAIICLLMQIAILTMTMTLHFRQNECSNPSNNQVMPCEPIIIERNTVHLNSTTIEREICPKVAEYKNWSKPQCQITGFAPFSKDNSIRLSASGDIWVTREPYVSCSLDKCYQFALGQGTTLKNKHSNGTTHDRTPHRTLLMNELGVPFHLGTKQVCIAWSSSSCYDGKAWLHICVTGDDKNATASIIYDGMLVDSIGSWSKNILRTQESECVCINGTCAVVMTDGSASGKADTRVLFIREGKIINISPLSGSAQHVEECSCYPRYPEVRCVCRDNWKGSNRPILYINMADYSIESSYVCSGLVGDTPRNDDSSSSSNCRDPNNERGAPGVKGWAFDDGNDVWMGRTIKNGSRSGYETFRVVNGWTTANSKSQINRQVIVDSDDWSGYSGIFSVEGKKCINRCFYVELIRGRPQEPRVWWTSNSIIVFCGTSGTYGTGSWPDGANINFMPI,0.15293983013210438,0.035791413700329594
A/chicken/China/2042/2020,H9N2,2020-01-05,EPI2116789,METASLITVLLVVTVSNADKICIGYQSTNSTETVDTLTENNVPVTHAKELLHTEHNGMLCATSLGNPLILDTCTIEGLIYGNPSCDLLLGGREWSYIVERPSAVNGLCYPGNVENLEELRSLFSSARSYQRVQIFPDTIWNVSYSGTSKACSDSFYRSMRWLTQKNNAYPTQDAQYTNNQEKNILFMWGINHPPTDATQTNLYTRTDTTTSVATEEINRTFKPLIGPRPLVNGSMGRIDYYWSVLKPGQTLRIRSNGNLIAPWYGHILSGESHGRILKTDLKRGSCTVQCQTEKGGLNTTLPFQNVSKYAFGNCSKYIGIKSLKLAVGLRNLPSRSSRGLFGAIAGFIEGGWSGLVAGWYGFQHSNDQGVGMAADRDSTQKAIDKITSKVNNIVDKMNKQYEIIDHEFSEVETRLNMINNKIDDQIQDIWAYNAELLVLLENQKTLDEHDANVNNLYNKVKRALGSNAVEDGKGCFELYHKCDDQCMETIRNGTYNRRKYQEESKLERQKIEGVKLESEGTYKILTIYSTVASSLVIAMGFAAFLFWAMSNGSCRRNICI,EPI2116787,MNPNQKITAIGSVSLTIAIICLLIQIAILTTTMTLHFGQKECSNPSNNQVMPCEPTIIERTTVHLNSTTIEREICPKAAEYKNWSKPQCLITGFAPFSKDNSIRLSASGDIWVTREPYVSCSPDKCYQFALGQGTTLKNEHSNGTTHDRTPHRTLLMNELGVPFHLGTKQVCIAWSSSSCYDGKAWLHICVTGDDKNATASIIYDGMLVDSIGSWSKNILRTQESECVCINGTCAVVMTDGSASGVADTRVLFIREGKIINIRPLSGSAQHVEECSCYPRYPEIRCVCRDNWKGSNRPIIYINIADYSIESSYVCSGLVGDTPRNDDSFSSSNCRDPNNERGAPGVKGWAFDDGNDVWMGRTIKNGSRSGYETFRVINGWTMANSKSQINRQIIVDSDDLSGYSGIFSVEGKECINRCFYVELIRGRPHEPRVWWTSNSIIVSCGTSGTYGTGSWPDGANINFMPI,0.15161373702698264,0.04011301395370434
A/chicken/China/2051/2020,H9N2,2020-01-06,EPI2116805,METVSLITILLVAAVSNADKICIGYQSTNSTETVDTLTENNVPVTHAKELLHTEHNGMLCATSLGQPLILDTCTIEGLIYGNPSCDLSLEGKEWSYIVERPSAVNGLRYPGNVENLEELRSLFSSARSYQRIQIFPDTIWNVSYDGTSTACSGSFYKSMRWLTLKNGDYPIQDAQYTNDQGKNILFTWGINHPPTDTTQRDLYTRTDTTTSVATEEINRVFKPLIGPRPRVNGLMGRIDYYWSVLKPGQTLRIKSDGNLIAPWFGHILSGESHGRILKTDLKRGSCTVQCQTEKGGLNTTLPFQNVSKYAFGNCSKYIGIKSLKLAVGLRNVPSRSSRGLFGAIAGFIEGGWSGLVAGWYGFQHSNDQGVGMAADRDSTQKAIDKITSKVNNIVDKMNKQYEIIDHEFSEVETRLNVINNKIDDQIQDIWAYNAELLVLLENQKTLDEHDANVNNLYNKVKRALGSNAVEDGKGCFELYHKCDDQCMETIRNGTYNRRKYQEESKLKRQKIEGVKLESEGTYKILTIYSTVASSLVIAMGFAAFLFWAMSNGSCRCNICI,EPI2116803,MNPNQKITAIGSVSLIIAIICLLMQIAILTMTMTLHFRQNECSNPSNNQVMPCEPIIIERNTVHLNSTTIEREICPKVAEYKNWSKPQCQITGFAPFSKDNSIRLSASGDIWVTREPYVSCSLDKCYQFALGQGTTLKNKHSNGTTHDRTPHRTLLMNELGVPFHLGTKQVCIAWSSSSCYDGKAWLHICVTGDDKNATASIIYDGMLVDSIGSWSKNILRTQESECVCINGTCAVVMTDGSASGKADTRVLFIREGKIINISPLSGSAQHVEECSCYPRYPEVRCVCRDNWKGSNRPILYINMADYSIESSYVCSGLVGDTPRNDDSSSSSNCRDPNNERGAPGVKGWAFDDGNDVWMGRTIKNGSRSGYETFRVVNGWTTANSKSQINRQVIVDSDDWSGYSGIFSVEGKKCINRCFYVELIRGRPQEPRVWWTSNSIIVFCGTSGTYGTGSWPDGANINFMPI,0.15142648879065312,0.035791413700329594
A/swine/Minnesota/A02478993/2020(H1N1),H1N1,2020-01-06,EPI1785503,MKAVLIVLLYTFTTANADTLCIGYHANNSTDTVDTVLEKNVTVTHSVNLLENRHNGKLCKLRGVAPLHLGKCNIAGWLLGNPECESLSTASSWSYIVETSNSENGTCYPGDFINYEELREQLSSVSSFERFEIFPKASSWPNHDTDRGVTAACPHAGTKSFYRNLVWLVQKENSYPKVNKSYINNEEKEVLVLWAIHHPSTSADQQSLYKNEDAYVFVGSSKYSRKFEPEIATRPKVRDQAGRMNYYWTLVEPGDKITFEATGNLVAPRYAFALKRNSGSGIIISDTSVHDCDTTCQTPNGAINTSLPFQNIHPVTIGECPKYVKSTKLRMATGLRNIPSIQSRGLFGAIAGFIEGGWTGXIDGWYGYHHQNEQGSGYAADLKSTQSAIDGITNKVNSVIEKMNTQFTAVGKEFSHLEKRIENLNKKVDDGFLDIWTYNAELLVLLENERTLDYHDSNVKNLYEKVRSQLKNNAKEIGNGCFEFYHKCDDMCMESVKNGTYDYPKYSEEAKLNREEIDGVKLESTRIYQILAIYSTVASSLVLVVSLGAISFWMCSNGSLQCRICI,EPI1785504,MNTNQRIITIGTVCLIVGIISLLIQIGNIVSLWVSHSIQTRWENHTEVCKQNVITYVNKTWVNRTYVNISNIKIATIQDVASIMIAGNSSLCPVSGWAVYSKDNSIRIGSKGDIFVIREPFISCSQLECRTFFLTQGALLNDKHSNGTIKDRSPYRTLMSCPIGEAPSPYNSRFESVAWSASACHDGMGWLTIGISGPDNGAVAVLKYNGIITDTIKSWRNRILRTQESECVCMNGSCFTVLTDGPSNGQASYKIFKVEKGKIIKSIELDAPNYHYEECSCYPDSGKVMCVCRDNWHASNRPWVSFNQNLDYQIGYICSGVFGDNPRSNDGKGNCGPVLSNGANGVKGFSYRYGNGVWIGRTKSINSRSGFEMIWDPNGWTETDSSFSMKQDIIALNDWSGYSGSFVQHPELTGMNCIRPCFWVELIRGQPKENTIWASGSSISFCGVNSETASWSWPDGADLPFTIDK,0.0008481542416713347,0.005883597513879922
A/swine/Iowa/A02478992/2020(H1N1),H1N1,2020-01-06,EPI1785493,MKAVLVVLLYTFTTANADTLCIGYHANNSTDTVDTVLEKNVTVTHSVNLLENRHNGKLCKLRGVAPLHLGKCNIAGWLLGNPECESLSTASSWSYIVETPNPENGTCYPGDFINYEELREQLSSVSSFERFEIFPKASSWPNHDTNRGVTAACPHAGTNSFYRSLVWLVQKGNSYPKVNKSYINNKEKEVLVLWAIHHPSTSADQQSLYKNADAYVFVGSSRYSRKFEPEIATRPKVRDQAGRMNYYWTIVEPGDKITFESTGNLVAPRYAFALKRNSGSGIIISDTSVHDCDTTCQTPNGAINTSLPFQNIHPVTIGECPKYVKSTKLRMATGLRNIPSIQSRGLFGAIAGFIEGGWTGMIDGWYGYHHQNEQGSGYAADLKSTQSAIDGITNKVNSVIEKMNTQFTAVGKEFSHLEKRIENLNKKVDDGFLDIWTYNAELLVLLENERTLDYHDSNVKNLYEKVRSQLKNNAKEIGNGCFEFYHKCDDMCMESVKNGTYDYPKYSEEAKLNREEIDGVKLESTRIYQILAIYSTVASSLVLVVSLGAISFWMCSNGSLQCRICI,EPI1785494,MNTNQRIITIGTVCLIVGIINLLLQIGNIVSLWVSHSIQTRWENHTEVCNQNVITYVNNTWVNRTYVNISNIKIATIQDVTSIMLAGNSSLCPVSGWAVYSKDNSIRIGSKGDIFVIREPFISCSQLECRTFFLTQGALLNDKHSNGTVKDRSPYRTLMSCPIGEAPSPYNSRFESVAWSASACHDGRGWLTIGISGPDNGAVAVLKYNGIITDTIKSWRNRILRTQESECVCMNGSCFTLLTDGPSNGQASYKIFKVEKGKIIKSIELDAPNYHYEECSCYPDSGKVMCVCRDNWHASNRPWVSFNQNLDYQIGYICSGVFGDNPRSNDGKGNCGPVLSNGANGLKGFSYRYGNGVWIGRTKSINSRSGFEMIWDPNGWTETDSSFSMKQDIIALNDWSGYSGSFVQHPELTGMNCIRPCFWVELIRGQPKENTIWASGSSISFCGVNSETASWSWPDGADLPFTIDK,0.0008957365595113604,0.005213755540012421
A/swine/Iowa/A02478994/2020(H1N1),H1N1,2020-01-07,EPI1785505,MKAILVVLLYTFTTANADTLCIGYHANNSTDTVDTVLEKNVTVTHSVNLLEDKHNGKLCKLRGVAPLHLGKCNIAGWILGNPECESLSTARSWSYIVETSNSDNGTCYPGDFINYEELREQLSSVSSFERFEIFPKTSSWPNHDSNKGVTAACSHAGAKSFYKNLIWLVKKGNSYPKLNQTYINDKGKEILVLWGIHHPPTTADQQSLYQNADAYVFVGTSRYSKKFKPEIATRPKVRDQEGRMNYYWTLVEPGDKITFEATGNLVVPRYAFTMERNAGSGIIISDTPVHDCNTTCQTPEGAINTSLPFQNVHPITIGKCPKYVKSIKLRLATGLRNVPSIQSRGLFGAIAGFIEGGWTGMVDGWYGYHHQNEQGSGYAADLKSTQNAIDKITNKVNSVIEKMNTQFTAVGKEFNHLEKRIENLNKKVDDGFLDIWTYNAELLVLLENERTLDYHDSNVKNLYEKVRTQLKNNAKEIGNGCFEFYHKCDNTCMESVKNGTYDYPKYSEEAKLNREKIDGVKLESTRIYQILAIYSTVASSLVLVVSLGAISFWMCSNGSLQCRICI,EPI1785506,MNPNQKIITIGSICMTIGMANLILQIGNIISIWVSHSIQIGNQSQIETCNQSVIXYENNTWVNQTYVNISNTNFAARQSMASVKLAGNSSLCPVSGWAIYSKDNSVRIGSKGDVFVIREPFISCSPLECRTFFLTQGALLNDKHSNGTVKDRSPHRTLMSCPIGEVPSPYNSRFESVAWSASACHDGTNWLTIGISGPDSGAVAVLKYNGIITDTIKSWRNNILRTQESECACVNGSCFTIMTDGPSDGQASYKIFRIEKGKVIKSVEMKAPNYHYEECSCYPDSSEITCVCRDNWHGSNRPWVSFNQNLEYQMGYICSGVFGDNPRPNDKTGSCGPVSSNGANGVKGFSFKYGNGVWIGRTKSISSRKGFEMIWDPNGWTGTDNKFSIKQDIVGINEWSGYSGSFVQHPELTGLDCIRPCFWVELIRGRPEENTIWTSGSSISFCGVDSDTVGWSWPDGAELPFTIDK,0.0003707312794719044,0.0005729551433790611
A/Duck/Foshan/H54/2020,H9N2,2020-01-07,EPI2134092,METVSLITILLVATVSNADKICIGYQSTNSTETVDTLTENNVPVTHAKELLHTEHNGMLCATSLGQPLILDTCTIEGLIYGNPSCDLSLEGREWSYIVERPSAVHGLCYPGNVEDLEELRSLFSSARSYQRIQIFPDTIWNVSYDGTSTACSGSFYKSMRWLTRKNGEYPTQDAQYTNNQGKNILFMWGINHPPTDDTQRGLYTRTDTTTSVATEEINRIFKPLIGPRPLVNGLMGRINYYWSVLKPGQTLRIKSDGNLIAPWYGHILSGESHGRILKTDLKRGSCTVQCQTEKGGLNTTLPFQNVSKYAFGNCSKYIGVKSLKLAVGLRNVPSRSSRGLFGAIAGFIEGGWPGLVAGWYGFQHSNDQGVGMAADRDSTQKAVDKITSKVNNIVDKMNKQYEIIDHEFSEVETRLNMINNKIDDQIQDIWAYNAELLVLLENQKTLDEHDANVNNLYNKVKRALGSNAVEDGKGCFELYHKCDDQCMETIRNGTYNRRKYQEESKLERQRIEGVKLESEGTYKILTIYSTVASSLVLAMGFAAFLFWAMSNGSCRCNICI,EPI2134093,MNPNQKIITIGSVSLTIAIVCFLMQIAILATTVTLHFKQNECSIPLNNQVVPCEPIIVERNITEIVYLNNTIIEKGPCSKVVEYRNWSKPQCQITGFAPFSKDNSIRLSAGGDIWVTREPYVSCSPDKCYQFALGQGTTLDNKHSNGTIHDRIPHRTLLMNELGVPFHLGTKQVCIAWSSSSCHDGKAWLHVCVTGDDRNATASFIYDGMLVDSIGSWSQNILRTQESECVCINGTCAVVMTDGSASGRADTRILFIKEGKIIHISPLSGGAQHIEECSCYPRYPDVRCVCRDNWKGSNRPIIDINMADYSIDSSYVCSGLVGDTPRNDDGSSSSNCRDPNNERGNPGVKGWAFDYGNDVWMGRTISKDSRSGYETFRVVNGWTTANSKSQVNRQVIVDNSNWSGYSGIFSVEGRSCINRCFYVELIRGRPQETRVWWTSNSIVVFCGTSGTYGTGSWPDGANINFMPI,0.15350507313281114,0.01646121032523154
A/swine/Minnesota/A02245375/2020,H1N2,2020-01-07,EPI1777463,MKVKLMVLLCTFTATYADTICVGYHANNSTDTVDTVLEKNVTVTHSVNLLEDSHNGKLCLLKGIAPLQLGSCSVAGWILGNPECEMLTSKESWSYIVETPNPENGTCYPGYFEDYEELREQLSSVSSFKRFEIFPKMSSWPNHTINGVSSSCSHNGNSSFYRNLLWLTVKNNLYPNLSKSYTNKKEKEILVLWGVHHPSNMGDQRALYHTENAYVSVVSSNYSRRFTPEIAKRPKVRNQEGRINYYWTLLEPGDTIMFEASGNLIAPRYAFELSKSFGSGIITSDAPMGECNAKCQTPQGAINSSLPFQNVHPVTIGECPKYVRSAKLRMVTGLRNTPSIQSRGLFGAIAGFIEGGWTGMVDGWYGYHHQNEQGSGYAADQQSTQNAINGITNKVNSVIEKMNTQFTAVGKEFNNLERRMENLNKKVDDGFIDIWTYNAELLVLLENERTLDFHDSNVKNLYEKVKSQLKNNAKEIGNGCFEFYHKCDDECMDSVKNGTYDYPKYSEESKLNREKIDGVKLESMGVYNILAIYSTIASSLVLLVSLGAICFWMCSNGSLQCRICI,EPI1777464,MNPNQKIITIGSISLTLAAMCFLMQTAILVTNVTLHFNQCECHSPPNNQVILCEPTIIERNTTKIVYLTNTTIEKEKCPKLAEYRNWSKPQCKITGFAPFSKDNSIRLSAGGDIWVTREPYVSCDPDKCYQFALGQGTTLDNRHSNNTFHDRTPYRTLLMNELGIPFHLGTKQVCIAWSSSSCHDGKAWLHVCITGHDENATASIIYNGRLVDSIGSWSKKILRTQESECVCINGTCTVVMTDGSASGRADTKILFIEEGKIIHISPLIGSAQHVEECSCYPRYPGVRCICRDNWKGSNRPVVDINVKDYSIVSSYVCSGLVGDTPRKDDKSSGSNCLNPNNEKGGHGVKGWAFDDGKDVWMGRTINETVRSGYETFKVIEGWSKSNSKLQINRQVIVEKSDRSGYSGIFSVENKSCINRCFYVELIRGRKQENAVWWTSSSIVVFCGTSGTYGTGSWPDGADINIMPV,0.02676848998305856,0.0004939668844463214
A/duck/Guangdong/H31/2020,H3N8,2020-01-07,EPI1838454,MKTVIALSYIFCLAFGQDLPGNDNSTATLCLGHHAVPNGTIVKTITDDQIEVTNATELVQSFSTGKICNNPHKILDGRDCTLIDALLGDPHCDVFQDETWDLFVERSNAFSNCYPYDVPDYASLRSLVASSGTLEFITEGFTWTGVTQNGGSNACKRGPASGFFSRLNWLTKSSTAYPVLNVTMPNNDNFDKLYIWGVHHPSTNQEQTNLYVQASGRVTVSTRRSQQTIIPNIGSRPWVRGQSGRISIYWTIVKPGDVLVINSNGNLIAPRGYFKMRTGKSSIMRSDAPIDTCISECITPNGSIPNDKPFQNVNKITYGACPKYVKQNTLKLATGMRNVPEKQTRGLFGAIAGFIENGWEGMIDGWYGFRHQNSEGTGQAADLKSTQAAIDQINGKLNRVIEKTNEKFHQIEKEFSEVEGRIQDLEKYVEDTKIDLWSYNAELLVALENQHTIDLTDSEMNKLFEKTRRQLRENAEDMGNGCFKIYHKCDNACIESIRNGTYDHDIYRDEALNNRFQIKGVELKSGYKDWILWISFAISCFLLCVVLLGFIMWACQRGNIRCNICI,EPI1838455,MNPNQKIITIGSVSLGLVVLNILLHIVSITVTVLVLPGNGNNGICNETVIREYNETVRVEKVTQWHNTNIIEYIERPENDHFMNNTEALCDAKGFAPFSKDNGIRIGSRGHVFVIREPFVSCSPTECRTFFLTQGSLLNDKHSNGTVKDRSPYRTLMSVEIGQSPNVYQARFEAVAWSATACHDGKKWMTIGVTGPDAKAVAVVHYGGIPTDVINSWAGDILRTQESSCTCIQGECFWVMTDGPANRQAQYRAFKAKQGKIVGQAEISFNGGHIEECSCYPNEGKVECVCRDNWTGTNRPVLVISPDLSYRVGYLCAGLPSDTPRGEDSQFTGSCTSPMGNQGYGVKGFGFRQGNDVWMGRTISRTSRSGFEILKVRNGWVQNSKEQIKRQVVVDNLNWSGYSGSFTLPVELTKRNCLVPCFWVEMIRGKPEEKTIWTSSSSIVMCGVDHEIADWSWHDGAILPFDIDKM,0.000628693887521787,0.02836371741361972
A/Duck/Guangdong/H34/2020/H3N2,H3N2,2020-01-07,EPI2088439,MKTIIALSYIFYLASGQNLPGNDSSTATLCLGHHAVPNGTIVKTITDDQIEVTNATELVQSSSTGKICNNPHKILDGRDCTLIDALLGDPHCDVFQDETWDLFLERSNAFSNCYPYDVPDYASLRSLIASSGTLEFITEGFTWAGVTQNGGSGACKRGPANGFFSRLNWLTKSGNSYPVLNVTMPNNDNFDKLYIWGVHHPSTNQEQTNLYVQASGRVTVSTRRSQQTIIPNIGSRPWVRGQSGRISIYWTIVKPGDILVINSNGNLIAPRGYFKMRTGKSSVMRSDAPIETCISECITPNGSIPNDKPFQNVNKITYGACPKYVKQNTLKLATGMRNVPEKQTRGLFGAIAGFIENGWEGMIDGWYGFRHQNSEGTGQAADLKSTQAAIDQINGKLNRVIEKTNEKFHQIEKEFSEVEGRIQDLEKYVEDTKVDLWSYNAELLVALENQHTIDLTDSEMNKLFEKTRRQLRENAEDMGNGCFKIYHKCDNACIESIRNGTYDHDIYRDEALNNRFQIKGVELKSGYKDWILWISFAISCFLLCVVLLGFIMWACQRGNIRCNICI,EPI2088441,MNPNQKIITIGSVSLTIAIVCFLMQIAILATTVTLHFKQNECSIPLNNQVVPCEPIIVERNITEIMYLNNTIIEKEPCFKMVDYRNWSKPQCQITGFAPFSKDNSIRLSAGGDIWVTREPYVSCSPNKCYQFALGQGTTLDNKHSNGTIHDRIPHRTLLMNELGVPFHLGTKQVCIAWSSSSCHDGKAWLHVCVTGDDRNATASFIYDGILVDSIGSWSQNILRTQESECVCINGTCAVVMTDGSASGRADTRILFIKEGKIVHTSPLSGSAQHIEECSCYPRYPNVRCVCRDNWKGSNRPIIDINMADHSIDSSYVCSGLVGDTPRNDDGSSNSNCRDPNNERGNPGVKGWAFDYGNDVWMGRTISKDSRSGYETFRVINGWTTANSKSQVNRQVIVDNSNWSGYSGIFSVESKSCINRCFYVELIRGRPQETRVWWTSNSIVVFCGTSGTYGTGSWPDGANINFMPI,0.0006813282354207918,0.017068188694480946
A/swine/Kansas/A02245376/2020,H3N2,2020-01-07,EPI1777469,MKTIIALSHILCLVFAQKLPGNDNNMATLCLGHHAVPNGTIVKTITNDQIEVTNATELVQSFSTGEICNSPHQILDGENCTLIDALLGDPQCDGFQNNKWDLFVERSKAHSNCYPYDVPDYASLRSLVASSGTLEFNNESFNWTGVTQNGASSACKRRSSKSFFSRLNWLTHLNFKYPALEVTMPNNEQFDKLYIWGVHHPATEKDQISLYAQTAGRIIVSTKRSQQAVIPNIGSRPRVRDIPSRISIYWTIVKPGDILLINSTGNLIAPRGYFKIRSGKSSIMRSDAPIGKCNSECITPNGSIPNDKPFQNVNRITYGACPRYVKQNTLKLATGMRNLPEKQTRGIFGAIAGFIENGWEGMVDGWYGFRHQNFEGRGQAADFKSTQAAIDQINGKLNRLIGKTNEKFHQIEKEFSEVEGRIQDLEKYVEDTKIDLWSYNAELLVALENQHTIDLTDSEMNKLFEKTKKQLRENAEDMGNGCFKIYHKCDNACIGSIRNGTYDHDVYRDEALNNRFQIKRVELKSEYKDWILWISFAISCFLLCVALLGFIMWACQKGNIKCNICI,EPI1777470,MNPNQKIITIGSVSLIIATICFLMQIAILVTTVTLHFKQRDYNSPPNSQTILCEPTIIERNTTEIVYLTNTTVEREICPKLAEYRSWSKPQCNITGFAPFSKDNSIRLSAGGDIWVTREPYVSCDPDKCYQFALGQGTTLNNGHSNNTVHDRTPYRTLLMNELGVPFHLGTRQVCMAWSSSSCHDGKAWLHICVTGNDNNATASLIYNGRLVDSIGSWSKNILRTQESECVCINGTCTVVMTDGSASGKADTKILFIEEGKIVHISTLSGSAQHVEECSCYPRFPGVRCVCRDNWKGSNRPIVDINVKNYSTVSSYVCSGLVGDTPRKSDSVSSSYCLNPNNEKGGHGVKGWAFDDGNDVWMGRTINETLRLGYETFKVIEGWSKANSKLQTNRQVIVEKGDRSGYSGIFSVESKNCINRCFYVELIRGRKEETKVWWTSNSIVVFCGTSGTYGTGSWPDGADINLMPM,0.0012053974105674897,0.0010410539636692
A/swine/North_Carolina/A02478981/2020,H1N1,2020-01-07,EPI1777455,MKTILIVLLYTFTTANADKICIGYHANNSTDTVDTVLERNVTVTHSVNLLENKHNGKLCKLXGVAPLHLGKCNIAGWLLGNPECDSLARASSWSYIVETPXSNNGTCYPGDFINYEELREQLSSVSSFEKFEIFPKASSWPKHETNKGVTAACPHAGTNSFYKNLIWLVKKENSYPKINISYTNNKGKEVLVLWAIHHPPTSTDQQSLYQNANSYVFVGSPRYSRKFEPEIATRPKVRDQAGRMNYYWTLVEPGDKITFEATGNLVVPRYAFALKRNSGSGIIISGTPVHDCDTTCQTPSGAINTSLPFQNIHPVTIGECPKYVKSTKLRMATGLRNIPSIQSRGLFGAIAGFIEGGWTGMIDGWYGYHHQNEQGSGYAADLKSTQNAIDGITNKVNSVIEKMNTQFTAVGKEFGHLERRIENLNKKVDDGFIDIWTYNAELLVLLENERTLDYHDSNVKTLYERVRSQLKNNAKEIGNGCFEFYHKCDDTCMESVKNGTYDYPKYSEEAKLNREEIDGIKLESTRIYQILAIYSTVASSLVLVVSLGAISFWMCSNGSLQCRVCI,EPI1777456,MNANQRIITIGTVCLIIGIISLLLQIGNMVSLWISHSIQTGEKNHTEMCNQNVITYVNKTWVNRTYVNIRNTKIVNVKDVGSVILTGNSSLCPISGWAIYSKDNSIRIGSKGDIFVIREPFISCSHLECRTFFLTQGALLNDKHSNGTVKDRSPYRTLMSCPIGEAPSPYNSRFESVAWSASACHDGMGWLTIGISGPDNGAVAVLKYKGIITDTIKSWRNKILRTQESECVCMNGSCFAVLTDGPSNGQASYKIFKVEQGKIIKSIELDAPNYHYEECSCYPDAGKVMCVCRDNWHASNRPWVSFDQDLNYQIGYICSGVFGDNPRSDDGKGSCGPVHSNGANGVKGFSYRYGNGVWIGRTKSIHSRSGFEMIWDPNGWTGTDSSFSMKQDIIASTDWSGYSGSFVQHPELTGMNCIRPCFWIELIRGQPKEKTIWASGSSISFCGVNGETASWSWPDGANLPFTIDK,0.0009541295284752059,0.0062197719927264555
A/swine/Nebraska/A02245377/2020(H3N2),H3N2,2020-01-08,EPI1777725,MKTIIALSHILCLVFAQKLPGNDNNMATLCLGHHAVPNGTIVKTITNDQIEVTNATELVQSFSTGEICNSPHQILDGENCTLIDALLGDPQCDGFQNNKWDLFVERSKAHSNCYPYDVPDYASLRSLVASSGTLEFNNENFNWTGVTQNGASSSCKRRSSNSFFSRLNWLTHSNHKYPALKVTMPNNEQFDKLYIWGVHHPATDEDQIYLYAQSAGRIIVSTKISQQAVIPNIGSRPRVRDIPSRISIYWTIVRPGDILLINSTGNLIAPRGYFKIRSGKSSIMRSDAPIGKCNSACITPNGSISNDKPFQNVNRITYGACPRYVKQSTLKLATGMRNIPEKQTRGIFGAIAGFIENGWEGMVDGWYGFRHQNSEGRGQAADLKSTQAAIDQINGKLNRLIGKTNEKFHQIEKEFSEVEGRIQDLEKYVEDTKIDLWSYNAELLVALENQHTIDLTDSEMNKLFEKTKKQLRENAEDMGNGCFKIYHKCDNACIGSIRNGTYDHDVYRDEALNNRFQIKGVELKSEHKDWILWISFAISCFLLCVVLLGFIMWACQKGNIKCNICI,EPI1777726,MNPNQKIITIGSVSLIIATICFLMQIAILVTTVTLHFKQHDYNFPPNNQAILCEPTIIERNTTEIVYLTNTTIEREICPKLAEYRSWSKPQCNITGFAPFSKDNSIRLSAGGDIWVTREPYVSCDPDKCYQFALGQGTTLNNGHSNNTVHDRTPYRTLLMNELGVPFHLGTRQVCMAWSSSSCHDGKAWLHVCVTGNDNNATASLIYNGRLVDSIGSWSKNILRTQESECVCINGTCTVVMTDGSASGKADTKILFVEEGKIVHISTLSGSAQHVEECSCYPRFPGVRCVCRDNWKGSNRPIVDINVKNYSIVSSYVCSGLVGDTPRKGDSVSSSFCLDPNNEKGGHGVKGWAFDDGNDVWMGRTINETLRLGYETFKVIEGWSKANSKLQTNRQVIVEKGDRSGYSGIFSVESKSCINRCFYVELIRGRKEETKVWWTSNSIVVFCGTSGTYGTGSWPDGADINLMPM,0.001226938734080746,0.0010315682019230747
A/swine/Minnesota/A02245378/2020,H1N2,2020-01-08,EPI1777461,MKAILLVLLHTFAAANADTICIGYHANNSTDTVDTVLEKNVTVTHSVNLLEDKHNGKLCKLEGKSPLYLGKCNIAGWLLGNPECESILTVSSWSYIVETSNSDNGTCYPGSFTNYEELREQLSSVSSFEKFEIFPIESSWPNHKTGETASCPYAGKGSFYRNLIWLVKKDNSYPRLNISYVNNKGKEVLVLWGIHHPPTDNDQQWLYQNANASVFVGTSTYSQKFKPEIATRPKVRGQAGRMNYYWTLVEPGDTITFEATGNLVVPRYAFAMNRGSGSGIIVSDAPIHDCNTTCQTPKGALNTSLPFQNVHPVTIGECPKYVKSRRLKMATGLRNIPSIQSRGLFGAIAGFIEGGWTGMIDGWYGYHHQNDQGSGYAADQKSTQRAIDGITNKINSVIEKMNTQFTAVGKEFNNLERRIENLNRKVDDGFLDVWTYNAELLVLLENERTLDFHDSNVKNLYEKVRNQLRNNAKEIGNGCFEFYHKCDNTCMDSVKNGTYNYLKYSEESKLNREKIDGVKLDSTRVYQILAIYSTVASSLVLLVSLGALSFWMCSNGSLQCRICI,EPI1777462,MNPNQKIITIGSVSLIIATICFLMQVAILLTTVTLHFRQNNCNSSSNNQVIFCEPTIIERNKTEIVYLTNTTVEKEICPKAAEYRNWSKPQCNITGFAPFSKDNSIRLSAGGDIWVTREPYVSCDLDKCYQFALGQGTTLNNRHSNDTVHDRTPYRTLLMNELGVPFHLGTRQVCIAWSSSSCHDGKAWLHVCITGDDENATASFIYNGRLVDSIGSWSKNILRTQESECVCINGTCTVVMTDGSASGKADTKILFIVEGKIIHVSKLSGSAQHVEECSCYPRYPGVRCVCRDNWKGSNRPIVDINVTNYSIVSSYACSGLVGDTPRKSDSLSSSYCINPNNEKGAHGVKGWAFDDGDDVWMGRTINETLRLGYETFKVIEGWSKPNSKLQTNRQIIVEEGSRSGYSGIFSVEGKNCINRCFYVELIRGRKEETRVWWTSNSIVVFCGTSGTYGTGSWPDGADIDLMPI,0.005381419863085399,0.0011572988713540165
A/swine/Minnesota/A02245380/2020(H3N2),H3N2,2020-01-08,EPI1777703,MKTIIALSHILCLVFAQKLPGNDNNMATLCLGHHAVPNGTIVKTITNDQIEVTNATELVQSFSTGEICNSPHQILDGENCTLIDALLGDPQCDGFQNNKWDLFVERSKAHSNCYPYDVPDYASLRSLVASSGTLEFNNESFNWTGVTQDGASSACKRRSSNSFFSRLNWLTHLNFKYPALEVAMPNNEQFDKLYIWGVHHPATDKDQIYLYAHAAGGIIVSTKRSQQAVIPNIGSRPRVRDIPSRISIYWTIVRPGDILLINSTGNLIAPRGYFKIRSGKSSIMRSDAPIGKCNSACITPNGSIPNDKPFQNVNRITYGACPRYVKQNTLKLATGMRNIPEKQTRGIFGAIAGFIENGWEGMVDGWYGFRHQNSEGRGQAADLKSTQAAIDQINGKLNRLIGKTNEKFHQIEKEFSEVEGRIQDLEKYVEDTKIDLWSYNAELLVALENQHTIDLTDSEMNKLFEKTKKQLRENAEDMGNGCFKIYHKCDNACIESIRNGTYDHNVYRDEALNNRFQIKGVELKSEYKDWILWISFAISCFLLCVALLGFIMWACQKGNIKCNICI,EPI1777704,MNPNQKIITIGSASLIIASICFIMQVAILVTTVTFHFKQHDCNSSPRNQVMLCEPTIIERNKTEIVYLTNTTVEKEICPKPAEYRNWSKPQCNIAGFAPFSKDNSIRLSAGGDIWVTREPYVSCDLDKCYQFALGQGTTLNNGHSNDTVHDRTPYRTLLMNELGVPFHLGTRQVCIAWSSSSCHDGKAWLHVCITGDDENATASFIYNGRLVDSIGSWSKNILRTQESECVCINGICTVVMTDGSASGKADTRVLFIMEGKIIHVSKLSGSAQHVEECSCYPRYPGVRCICRDNWKGSNRPIVDINVKDYSIVSSYVCSGLVGDTPRKDDRLSSSHCIDPNNEKGGHGVKGWAFDDGDDIWMGRTINETLRLGYETFKVIKGWSQPNSKLQTNRQVIVEKGNRSGYSGIFSVEGKKCINRCFYVELIRGRKEETRVWWTSNSIVVFCGTSGTYGTGSWPDGADINLMPI,0.0012065238134552916,0.0012257776172483236
A/Chicken/Guangdong/GZ15563/2020(H9N2),H9N2,2020-01-08,EPI1916728,METVSLITILLAATVSNADKICIGYQSTNSTETVDTLTENNVPVTHAKELLHTEHNGMLCATSLGQPLILDTCTIEGLIYGNPSCDPLPEEREWSYIVERPSAVNGLCYPGNVENLEELRSLFSSARSYQRIQIFPDTIWNVSYDGTSNTCSGSFYRNMRWLTRKDGNYPTQDAQYTNNQGKTILFMWGINNPPTDDTQRNLYTRTDTTTSVATEEINRIFKPLIGPRPLVNGLMGRINYYWSVLKPGQTLRIKSDGNLVAPWYGYILSGESHGRILRTDLKRGSCTVQCQTEKGGLNTTLPFQNVSKYAFGNCSKYIGIKSLKLAVGLRNVPSRSSRGLFGAIAGFIEGGWSGLVAGWYGFQHSNDQGVGMAADRESTQRAVDKITSKVNNIIDKMNKQYEIIDHEFSEVETRLNMINNKIDDQIQDIWAYNAELLVLLENQKTLDEHDANVNNLYNKVKRALGSNAVEDGKGCFELYHKCDDQCMETIRNGTYNRRKYQEESKLERQKIEGVKLESEGTYKILTIYSTVASSLVIAMGFAAFLFWAMSNGSCRCNICI,EPI1916727,MNPNQKITAIGSVSLIIAIICLLMQIAILTTTMTLHFRQKECSNPSNNQVMPCEPVIIERNTVHLNSTTIEREICPKVEEYKNWSKPQCLITGFAPFSKDNSIRLSAGGDIWVTREPYVSCSPDKCYQFALGQGTTLKNKHSNGTTHDRTPYRTLLMNELGVPFHLGTKQVCIAWSSSSCYDGKAWLHVCVTGDDKNATASIIYNGMLIDSIGSWSKTILRTQESECVCINGTCAVVMTDGSASGVADTRVLFIREGKIVNIRPLSGSAQHVEECSCYPQYPEIRCVCRDNWKGSNRPIVNINMADYSIESSYVCSGLVGDTPRDDDSSSSSNCRDPNNERGAPGVKGWAFDDGNDVWMGRTIKNGSRSGYETFRVINGWTMANSKSQINRQVIVDSDDWTGYSGIFSVEGKECINRCFYVELIRGRPQEPRVWWTSNSIIVFCGTSGTYGTGSWPDGANINFMSI,0.1498465226212904,0.04223539163571692
A/Chicken/Guangdong/GZ15513/2020(H9N2),H9N2,2020-01-08,EPI1916720,MKTISLITILLTATVSNADKICIGYQSTNSTETVDTLTENNVPVTQAKELLHTEHNGMLCATNLGQPLILDTCTIEGLIYGNPSCDPLPEEKEWSYIVERPSAVNGLCYPGNVENLEELRSLFSSARSYQRVQIFPDTIWNVSYDGTSNTCSGSFYRNMRWLTRKDGNYPIQDAQYTNNQGKTILFMWGINNPPTDDTQRNLYTRTDTTTSVATEEINRIFKPLIGPRPLVNGLMGRINYYWSVLKPGQTLRIKSDGNLVAPWYGYILSGESHGRILRTDLKRGSCTVQCQTEKGGLNTTLPFQNVSKYAFGNCSKYIGIKSLKLAVGMRNVPSRSSRGLFGAIAGFIEGGWPGLVAGWYGFQHSNDQGVGMAADRESTQKAIDKITSKVNNIVDKMNKQYEIIDHEFSEVETRLNMINNKIDDQIQDIWAYNAELLVLLENQKTLDEHDANVNNLYNKVKRALGSNAVEDGKGCFELYHKCDDQCMETIRNGTYNRKKYQEESKLERQKIEGVKLESEGTYKILTIYSTVASSLVIAMGFAAFLFWAMSNGSCRCNICI,EPI1916719,MNPNQKITAIGSVSLIIAIICLLMQIAILTTTMTLHFGQKECSNPSNNQVMPCEPIIIEKNTVHLNSTTIEREICPKVAEYKNWSKPQCLITGFAPFSKDNSIRLSAGGDIWVTREPYVSCSPDKCYQFALGQGTTLKNEHSNGTTHDRTPHRTLLMNELGVPFHLGTKQVCIAWSSSSCYDGKAWLHICVTGDDNNATASVIYDGMLVDSIGSWSKNILRTQESECVCINGTCAVVMTDGSASGVADTRVLFIREGKIISIRPLSGSAQHVEECSCYPRYPEIRCVCRDNWKGSNRPIIYINMADYSIESSYVCSGLVGDTPRNDDSSSSSNCRDPNNERGAPGVKGWAFDDGNDVWMGRTIKNGSRSGYETFKVINGWTIANSKSQINRQVIVGSDNWSGYSGIFSVEGKECINRCFYVELIRGRPQEPRVWWTSNSIVVFCGTSGTYGTGSWPDGANINFMPI,0.15251313305448977,0.038987938641449775
A/swine/Iowa/A02478982/2020(H3N2),H3N2,2020-01-08,EPI1785485,MKTIIAFSCILCLIIAQKLPGSDNSMATLCLGHHAVPNGTLVKTITDDQIEVTNATELVQSSSIGRICNSPHQILDGKNCTLIDALLGDPHCDDFQNKEWDLFVERSTAYSSCYPYYVPDYATLRSLVASSGNLKFTQEIFNWTGVTQDGSSYSCRRGSVNSFFSRLNWLYHLNYKYPEQNVTMPNNDKFDKLYIWGVHHPGTDKDQTNLYVQASGRVIVSTRRSQQTVIPNIGSRPWVRGVSSIISIYWTIVKPGDILLINSTGNLIAPRGYFKIQSGKSSIMRSDAHIDECNSECITPNGSISNDKPFQNVNKITYGACPRYVKQNTLKLATGMRNIPEKQTRGIFGAIAGFIENGWEGMVDGWYGFRHHNSEGTGQAADLESTQAAINQITGKLNRVIKKTNEKFHQIEKEFSEVEGRIQDLEKYVEDTKIDLWSYNAELLVALENQHTIDLTDSEMNKLFERTRRQLRENAEDMGNGCFKIYHKCDNACIGSIRNGTYDHDIYRNEALNNRFQVKGVQLKSGYKDWILWISFAISCFLLCVVLLGFIMWACQKGNIRCNICI,EPI1785486,MNPNQKIITIGSVSLIIATICFLMQIAILVTTVTLHFKQHDCDSSPNNQVMFCEPTIIERNKTEIVYLTNTTVEKEICPKPAEYRNWSKPQCNITGFAPFSKDNSIRLSAGGDIWVTREPYVSCDFDKCYQFALGQGTTLNNGHSNDTVHDRTPYRTLLMNELGVPFHLGTRQVCIAWSSSSCHDGKAWLHVCITGDDKNATASFIYNGRLVDSIGSWSKNILRTQESECVCINGTCTVVMTDGSASGKADTKILFIEEGRIIHISTLSGSAQHVEECSCYPRYPGVRCVCRDNWKGSNRPIVDINVKNYSIASSYVCSGLVGDTPRKNDSFSSSHCIDPNNEEGGHGVKGWAFDDGNDVWMGRTISEKSRLGYETFKVIKGWSRPNSKLQTNRQVIVGRGNRSGYSGIFSVEGKNCINRCFYVELIRGRKEETKVWWTSNSIVVFCGTSGTYGTGSWPDGADINLMPI,0.0017081025577141797,0.0010367891529093724
A/swine/North_Carolina/A02478985/2020(H1N1),H1N1,2020-01-08,EPI1785487,MKAVLVVLLYTFTTANADTLCIGYHANNSTDTVDTVLEKNVTVTHSVNLLENRHNGKLCKLRGVAPLHLGKCNIAGWLLGNPECESLSTASSWSYIVETSNSENGTCYPGDFINYEELREQLSSVSSFERFEIFPKTSSWPSHDTDKGVTAACPHTGTKSFYRNLVWLVQKENSYPKVNKSYINNKDKEVLVLWAIHHPSTNADQQSLYKNADAYVFVGSSRYSRKFEPEIATRPKVRDQTGRMNYYWTLVEPGDKITFEATGNLVAPRYAFALKRNSGSGIIISDTSVHDCDTTCQTPNGAINTSLPFQNIHPVTIGECPKYVKSTKLRMATGLRNIPSIQSRGLFGAIAGFIEGGWTGMIDGWYGYHHQNEQGSGYAADLKSTQNAIDGITNKVNSVIEKMNTQFTAVGKEFSHLEKRIENLNKKVDDGFLDIWTYNAELLVLLENERTLDYHDSNVKNLYEKVRSQLKNNAKEIGNGCFEFYHKCDDMCMESVKNGTYDYPKYSEEAKLNREEIDGVKLESTRIYQILAIYSTVASSLVLVVSLGAISFWMCSNGSLQCRICI,EPI1785488,MNTNQRIITIGTVCLIVGIISLLLQIGNVVSLWISHSTQTRWENHTEVCNQNVITYVNNTWVNRTYVNISNIKIATIQDVTSIMLAGNSSLCPVSGWAVYSKDNSIRIGSKGDIFVIREPFISCSQLECRTFFLTQGALLNDKHSNGTVKDRSPYRTLMSCPIGEAPSPYNSRFESVAWSASACHDGMGWLTIGISGPDNGAVAVLKYNGIITDTIKSWRNRILRTQESECVCMNGSCFAVLTDGPSNGQASYKIFKVEKGKIIKSIELDAPNYHYEECSCYPDSGKVMCVCRDNWHASNRPWVSFNQNLDYQIGYICSGVFGDNPRSNDGKGNCGPVLSNGANGVKGFSYRYGNGVWIGRTKSINSRSGFEMIWDPNGWTETDSSFSMKQDIIALTDWSGYSGSFVQHPELTGMNCIRPCFWVELIRGQPKENTIWASGSSISFCGVNSETASWSWPDGADLPFTIDK,0.0008545480775982908,0.004606995797148858
A/swine/Minnesota/A02245384/2020(H1N1),H1N1,2020-01-08,EPI1777705,MKAVLVVLLYTFTTANADTLCIGYHANNSTDTVDTVLEKNVTVTHSVNLLENRHNGKLCKLRGVAPLHLGKCNIAGWLLGNPECESLSTASSWSYIVETSNSENGTCYPGDFINYEELREQLSSVSSFERFEIFPKTNSWPNHDTDRGVTAACSHAGTKSFYKNLVWLIQKENSYPKVNKSYINDKEKEVLVLWAIHHPSTNADQQSLYKNSDAYVFVGSSRYSKKFEPEIATRPKVRDQTGRMNYYWTLVEPGEKITFEATGNLVAPRYAFALKRNSGSGIIISDTSVHDCDTTCQTPNGAINTSLPFQNIHPVTIGECPKYVKSTKLRMATGLRNIPSIQSRGLFGAIAGFIEGGWTGMIDGWYGYHHQNEQGSGYAADLKSTQNAIDGITNKVNSVIEKMNTQFTAVGKEFSHLEKRIENLNKKVDDGFLDIWTYNAELLVLLENERTLDYHDSNVKNLYEKVRSQLKNNAKEIGNGCFEFYHKCDDMCMESVKNGTYDYPKYSEEAKLNREEIDGXKLESTRIYQILAIYSTVTSSLILVVSLGAISFWMCSNGSLQCRICI,EPI1777706,MNTNQRIITIGTVCLIVGIISLLLQIGNIVSLWVSHSIQTRWENHTEVCNQNVITYVNNTWVNRTYVNISNIKIATIQDVTSIMLTGNSSLCPVSGWAVYSKDNSIRIGSKGDIFVIREPFISCSQLECRTFFLTQGALLNDKHSNGTIKDRSPYRTLMSCPIGEAPSPYNSRFESVAWSASACHDGRGWLTIGISGPDNGAVAVLKYNGIITDTIKSWRNRILRTQESECVCMNGSCFTLLTDGPSNGQASYKIFKVEKGKIIKSIELDAPNYHYEECSCYPDSGKVMCVCRDNWHASNRPWVSFNQNLDYQIGYICSGVFGDNPRSNDGKGNCGPVLSNGANGVKGFSYRYGNGVWIGRTKSINSRSGFEMIWDPNGWTETDGSFSXKQDIIALNDWSGYSGSFVQHPELTGMNCIRPCFWVELIRGQPKENTIWASGSSISFCGVNSETASWSWPDGADLPFTIDK,0.0010294335896509535,0.005332067837658653
A/swine/North_Carolina/A02245398/2020,H3N2,2020-01-09,EPI1777822,MKTIITLSHILCLVFAQKLPGNDNNMATLCLGHHAVPNGTIVKTITNDQIEVTNATELVQNFSTSEICNSPYQILDGENCTLIDALLGDPQCDGFQNNKWDLFVERSKAHSNCYPYDVPDYASLRSLVASSGTLEFNNESFNWTGVTQNGASSSCKRRSGNSFFSRLNWLTHSNFKYPALEVAMPNNEQFDKLYIWGVHHPATDKDQISLYAQAAGRIIVSTKRNQQAVTPNIGSRPRVRDIPSRISIYWTIVRPGDILLINSTGNLIAPRGYFKIQSGKSSIMKSDAPIGKCNSACITPNGSIPNDKPFQNVNRITYGACPRYIKQNTLKLATGMRNVPEKQTRGIFGAIAGFIENGWEGMVDGWYGFRHQNSEGRGQAADLKSTQAAIDQINGKLNRLIGKTNEKFHQIEKEFSEVEGRIQDLEKYVEDTKIDLWSYNAELLVALENQHTIDLTDSEMNKLFEKTKKQLRENAEDMGNGCFKIYHKCDNACIGSIRNGTYDHNVYRNEALNNRFQIKGVELESEYKDWILWISFAISCFLLCVALLGFIMWACQKGNIKCNICI,EPI1777823,MNPNQKIMTIGSVSLIIATICFLMQIATLVTTITLHFKQHNCDSSPNNHVMFCEPTIIEKNKTEIVYLTNTTVEKEICPKPTDYRNWSKPQCNITGFAPFSKDNSIRLSAGGDIWVTREPYVSCDHDKCYQFALGQGTTLNNGHSNDTVHDRTPYRTLLMNELGVPFHLGTRQVCIAWSSSSCHDGKAWLHVCITGDDKNATASFIYNGRLVDSIGSWSNNILRTQESECVCINGTCTVVMTDGSASGKADTKILFIEEGKIIHISTLSGSAQHVEECSCYPRYSGVRCVCRDNWKGSNRPIVDISVKDYSTVSSYICSGLVGDTPRKNDSFSSSNCLDPNNEEGGHGVKGWAFDDGNDLWMGRTISEKSRLGYETFKVVKGWSEPNSKLQSNRQVIVDRGNRSGYSGIFSIEGKHCINRCFYVELIRGRKEETKVLWTSNSIVVFCGTSGTYGTGSWPDGADINLMPI,0.0012545019512525538,0.0010838203768583374
A/turkey/Hungary/1020_20VIR749-1/2020,H5N8,2020-01-09,EPI1721664,MENIVLLLAIVSLVKSDQICIGYHANNSTEQVDTIMEKNVTVTHAQDILEKAHNGKLCDLNGVKPLVLNDCSVAGWLLGNPMCDEFIRVPEWSYIVERTNPANDLCYPGSLNDYEELKHLLSRINHFEKILIIPKSSWPNHETSLGVSATCPYQGTPSFFRNVVWLIKKNDAYPTIKINYNNTNREDLLILWGIHHSNNEEEQTNLYKNPTTYISVGTSTLNQRLVPKIATRSQVNGQRGRMDFFWTILKPNDAIHFESNGNFIAPEYAYKIVKKGDSTIMKSEVEYGHCNTKCQTPVGAINSSMPFHNIHPLTIGECPKYVKSNKLVLATGLRNSPLREKRRKRGLFGAIAGFIEGGWQGMVDGWYGYHHSNEQGSGYAADKESTQKAIDGVTNKVNSIINKMNTQFEAVGREFNNLERRIENLNKKMEDGFLDVWTYNAELLVLMENERTLDFHDSNVKNLYEKVRLQLRDNAKELGNGCFEFYHKCDNECMESVRNGTYYYPQYSEEAKLKREEISGVKLESIGTYQILSIYSTVASSLALAIMVAGLSLWMCSNGSLQCRICI,EPI1721666,MNPNQKIVTVGSISLGLVVFNVLLLAVSIILMVLALGKSENNGICKGTIVREYNETVRIEKVTQWYNTSVVEYVQHWNEGAYINNTEPICDVKGFAPFSKDNGIRVGSRGHIFVIREPFVSCSPIECRTFFLTQGALLNDKHSNGTVKDRSPFRTLMSVEVGQSPNVYQARFEAVAWSATACHDGKKWMTIGVTGPDSKAVAVVQYGGVPTDVVNSWAGDILRTQESSCTCIQGNCYWVMTDGPANRQAQYRIYKANQGKIIDQTDVSFSGGHIEECSCYPNDGKVECVCRDNWTGTNRPVLVISPDLSYRVGYLCAGLPSDTPRGEDAQFVGSCTSPMGNQGYGVKGFGFRQGTDVWVGRTISRTSRSGFEIIRIKNGWTQTSKEQIRRQVVIDNLNWSGYSGSFTLPVELSGRECLVPCFWVEMIRGRPEERTIWTSSSSIVMCGVDHEIADWSWHDGAILPFDIDKM,0.005121629505202301,0.028787369862420625
A/turkey/Poland/027/2020,H5N8,2020-01-09,EPI1800034,MENIVLLLAIVSLVKSDQICIGYHANNSTEQVDTIMEKNVTVTHAQDILEKAHNGKLCDLNGVKPLVLNDCSVAGWLLGNPMCDEFIRVPEWSYIVERTNPANDLCYPGSLNDYEELKHLLSRINHFEKILIIPKGSWPNHETSLGVSAACPYQGTPSFFRNVVWLIKKNDAYPTIKINYNNTNREDLLILWGIHHSNNEEEQTNLYKNPTTYISVGTSTLNQRLVPKIATRSQVNGQRGRMDFFWTILKPNDAIHFESNGNFIAPEYAYKIVKKGDSTIMKSEVEYGHCNTKCQTPVGAINSSMPFHNIHPLTIGECPKYVKSNKLVLATGLRNSPLREKRRKRGLFGAIAGFIEGGWQGMVDGWYGYHHSNEQGSGYAADKESTQKAIDGVTNKVNSIINKMNTQFEAVGREFNNLERRIENLNKKMEDGFLDVWTYNAELLVLMENERTLDFHDSNVKNLYDKVRLQLRDNAKELGNGCFEFYHKCDNECMESVRNGTYYYPQYSEEARLKREEISGVKLESIGTYQILSIYSTVASSLALAIMVAGLSLWMCSNGSLQCRICI,EPI1800033,MNPNQKIVTVGSISLGLVVFNVLLHAVSIILMVLALGKSENNGXCKGTIVREYNETIRIEKVTQWYNTSVVEYVQHWNEGTYINNTEPICDVKGFAPFSKDNGIRVGSRGHIFVIREPFVSCSPIECRTFFLTQGALLNDKHSNGTVKDRSPFRTLMSVEVGQSPNVYQARFEAVAWSATACHDGKKWMTIGVTGPDSKAVAVVHYGGVPTDVVNSWAGDILRTQESSCTCIQGNCYWVMTDGPANRQAQYRIYKANQGKIIDQTDVSFSGGHIEECSCYPNDGKVECVCRDNWTGTNRPVLVISPDLSYRVGYLCAGLPSDTPRGEDAQFVGSCTSPMGNQGYGVKGFGFRQGTDVWVGRTISRTSRSGFEIIRIKNGWTQTSKEQIRRQVVIDNLNWSGYSGSFTLPVELSGRECLVPCFWVEMIRGRPEERTIWTSSSSIVMCGVDHEIADWSWHDGAILPFDIDKM,0.005166482074375733,0.02968856460842931
A/chicken/China/SCDC-1202C01/2020,H9N2,2020-01-09,EPI2747222,METVSLITILVVATVSNADKICIGYQSTNSTETVDTLTENNVPVTHAKELLHTEHNGMLCATSLGHPLILDTCTIEGLIYGNPSCDPLLGGREWSYIVERPSAVNGLCYPGNVENLEELRSLFSSSRSYQRIQIFPDTVWNVSYSGTSKACSDSFYRSMRWLTQKNNAYPTQDAQYTNNQGKNILFMWGIHHPPTDTAQTNLYTRTDTTTSVATEEMNRIFKPLIGPRPLVNGLMGRINYYWSVLKPGQTLRIKSDGNLIAPWYGHILSGESHGRILKTDLKMGSCTVQCQTEKGGLNTTLPFQNVSKYAFGNCSKYIGVKSLKLAVGLRNVPSRSSRGLFGAIAGFIEGGWSGLVAGWYGFQHSNDQGVGMAADRESTQKAIDKITSKVNNIVDKMNKQYEIIDHEFSEVETRLNMINDKVDDQIQDIWAYNAELLVLLENQKTLDEHDANVNNLYNKVKRALGSNAVEDGRGCFELYHKCDDHCMETIRNGTYNRRKYQEESKLERQKIEGVKLESEETYKILTIYSTVASSLVIAMGFAAFLFWAMSNGSCRCNICI,EPI2747220,MNPNQKITAIGSVSLIIAIICLLMQIAILTTTMTLHFGQKECSNPSNNQVMPCEPIIIERNTVHLNSTTIEREICPKVAEYKNWSKPQCLITGFAPFSKDNSIRLSASGDIWVTREPYVSCSPDKCYQFALGQGTTLKNKHSNGTTRDRTPYRTLLMNELGVPFHLGTKQVCIAWSSSSCHDGKAWLHICVTGDDQNATASIIYDGMLVDSIGSWSKNILRTQESECVCINGTCAVVMTDGSASGVADTRVLFIREGRIINIRPLSGSAQHVEECSCYPRYPEIRCVCRDNWKGSNRPIVYINTADYSIESSYVCSGLVGDTPRNDDGSSSSNCRDPNNERGAPGVKGWAFDDGNDVWMGRTIKNGSRSGYETFRVINGWTVANSKSQINRQVIVGSDDWSGYSGIFSVEGKECINRCFYVELIRGRPQEPRVWWTSNSIIVFCGTSGTYGTGSWPDGANINFMSI,0.15127694364705882,0.03897316023191104
A/swine/Iowa/A02245386/2020(H3N2),H3N2,2020-01-09,EPI1777695,MKTIIAFSCILCLIIAQKLPGSDNSMATLCLGHHAVPNGTLVKTITDDQIEVTNATELVQSSSTGRICNSPHQILDGKNCTMIDALLGDPHCDDFQNKEWDLFVERSTAYSSCYPYYVPDYATLRSLVASSGNLKFTQEIFNWTGVTQDGSSYSCRRGSANSFFSTLNWLYHLNYKYPEQNVTMPNNDKFDKLYIWGVHHPGTDKDQTNLYVQASGRVIVSTRRSQQTVIPNIGSRPWVRGVSSIISIYWTIVKPGDILLINSTGNLIAPRGYFKIQSGKSSIMRSDAHIDECNSECITPNGSISNDKPFQNVNKITYGACPRYVKQNTLKLATGMRNIPEKQTRGIFGAIAGFIENGWEGMVDGWYGFRHQNSEGTGQAADLESTQAAINQITGKLNRVIKKTNEKFHQIEKEFSEVEGRIQDLEKYVEDTKIDLWSYNAELLVALENQHTIDLTDSEMNKLFERTRRQLRENAEDMGNGCFKIYHKCDNACIGSIRNGTYDHDIYRNEALNNRFQVKGVQLKSGYKDWILWISFAISCFLLCVVLLGFIMWACQKGNIRCNICI,EPI1777696,MNPNQKIITIGSVSLIIATICFLMQIAILMTTVTLHFKQHDCDSSPNNQVMFCEPKIIERNKTEIVYLTNTTVEKEICPKPAEYRNWSKPQCNITGFAPFSKDNSIRLSAGGDIWVTREPYVSCDFDKCYQFALGQGTTLNNGHSNDTVHDRTPYRTLLMNELGVPFHLGTRQVCIAWSSSSCHDGKAWLHVCITGDDKNATASFIYNGRLVDSIGSWSKNILRTQESECVCINGTCTVVMTDGSASGKADTKILFIEEGRIIHISTLSGSAQHVEECSCYPRYPGVRCVCRDNWKGSNRPIVDINVKDYSIASSYVCSGLVGDTPRKNDSFSSSHCIDPNNEEGGHGVKGWAFDDGNDVWMGRTISEKSRLGYETFKVIKGWSKPNSKLQTNRQVIVGRGNRSGYSGIFSVEGKNCINRCFYVELIRGRKEETKVWWTSNSIVVFCGTSGTYGTGSWPDGADINLMPI,0.0026234071206980166,0.000999633318223993
A/swine/Texas/A02245383/2020(H1N2),H1N2,2020-01-09,EPI1777731,MKAILLVLLHTFAAANADTICIGYHANNSTETVDTVLEKNVTVTHSVNLLEDKHNGKLCKLGGKSPLYLGKCNIAGWLLGNPECESILTVSSWSYIVETSNSDNGTCYPGSFTNYEELREQLSSVSSFEKFEIFPIESSWPNYKTGETASCPYAGRRSFYRNLMWLVKKGDSYPRLNISYVNDKGKEVLVLWGIHHPPTGNDQQWLYQNANASVFVGTSTYSQKFKPEIAIXPKVRGQAGRMNYYWALVEPGDTITFEATGNLVVPRYAFAMNRGSGSGIIVSDAPIHDCNTTCQTPKGALNTSLPFQNVHPVTIGECPKYVKSRRLKMATGLRNIPSIQSRGLFGAIAGFIEGGWTGMIDGWYGYHHQNDQGSGYAADQKSTQRAIDGITNKVNSVIEKMNTQFTAVGKEFNNLERRIENLNRKVDDGFLDVWTYNAELLVLLENERTLDFHDSNVKNLYEKVRNQLRNNAKEIGNGCFEFYHKCDNTCMESVKNGTYNYLKYSEESKLNREEIDRVKLDSTRVYQILAIYSTVASSLVLLVSLGALSFWMCSNGSLQCRICI,EPI1777732,MNPNQKIITIGSVSLIIATICFLMQIAILVTTVTLHFKQHDYNSPPNNKTILCEPTIIERNTTEIVYLTNTTIEREICPKLAEYRLWSKPQCNITGFAPFSKDNSIRLSAGGDIWVTREPYVSCDPDKCYQFALGQGTTLNNGHSNNTVHDRTPYRTLLMNELGVPFHLGTRQVCMAWSSSSCHDGKAWLHICVTGDDNNATASLIYNGRLVDSIGSWSKNILRTQESECVCINGTCTVVMTDGSASGKADTKILFIEEGKIVHISTLSGGAQHVEECSCYPRFPGVRCVCRDNWKGSNRPIVDINVKNYSTVSSYVCSGLVGDTPRKSDSVSSSYCLDPNNEKGGHGVKGWAFDDGNDVWMGRTINETLRLGYETFKVIEGWSKANSKLQTNRQVIVEKGDRSGYSGIFSVESKSCINRCFYVELIRGRKEETKVWWTSNSIVVFCGTSGTYGTGSWPDGADINLMPM,0.005578298525914401,0.0010102536119380283
A/chicken/China/SCDC-224/2020,H9N2,2020-01-09,EPI2747229,METVSLITILLVATVSNADKICIGYQSTNSTETVDTLTENNVPVTHAKELLHTEHNGMLCATSLGQPLILDTCTIEGLIYGNPSCDLSLEGREWSYIVERPSAVHGLCYPGNVENLEELRSLFSSARSYQRIQIFPDTIWNVSYDGTSTACSGSFYKSMRWLTRKNGEYPTQDAQYTNNQGKNILFMWGINHPPTDETQRGLYTRTDTTTSVATEEINRVFKPLIGPRPLVNGLMGRINYYWSVLKPGQTLRIKSDGNLIAPWYGHILSGESHGRILKTDLKRGSCTVQCQTEKGGLNTTLPFQNVSKYAFGNCSKYIGIKSLKLAVGLRNVPSRSSRGLFGAIAGFIEGGWSGLVAGWYGFQHSNDQGVGMAADRDTTQKAIDKITSKVNNIVDKMNKQYEIIDHEFSEVETRLNMINNKIDDQIQDIWAYNAELLVLLENQKTLDEHDANVNNLYNKVKKALGSNAVEDGKGCFELYHKCDDQCMETIRNGTYNRRKYQEESKLERQRIEGVKLESEGTYKILTIYSTVASSLVIAMGFAAFLFWAMSNGSCRCNICI,EPI2747227,MNPNQKITAIGSVSLIIAIICLLMQIAILTTTMTLHFGQKECSNPSNNQVMPCEPVIIERNTVHLNSTTIEREICPKVAEYKNWSKPQCLITGFAPFSKDNSIRLSAGGDVWVTREPYVSCSPDKCYQFALGQGTTLKNKHSNGTTHDRTPYRTLLMNELGVPFHLGTKQVCIAWSSSSCYDGKAWLHVCVTGDDKNATASIIYDGMLVDSIGSWSKNILRTQESECVCVNGTCAVVMTDGSASGVADTRVLFIREGKIVNIKPLSGSAQHVEECSCYPQYPEIRCVCRDNWKGSNRPIVYINMADYSVESSYVCSGLVGDTPRDDDSSSSSNCIDPNDERGAPGVKGWAFDDGNDVWMGRTIKNGSRSGYETFRVINGWTMANSKSQINRQVIVDSDDWTGYSGIFSVEGKECINRCFYVELIRGRPQEPRVWWTSNSIIVFCGTSGTYGTGSWPDGANINFMPI,0.152960430622969,0.041816110994157905
A/swine/Kansas/A02245381/2020(H1N1),H1N1,2020-01-09,EPI1777723,MKAVIVVLLYTFATVDADTLCIGYHANNSTETVDTVLEKNITVTHSVNLLENKHNGKLCNLRGVAPLHLGKCNIAGWLLGNPECESLFTASSWSYIVETPNSYNGTCYPGNFNNYEELREHLSSVSSFERFEIFPKANSWPNHDTDKGVTAACPYAGANSFYRNLIWLVKKGNSYPKLSKSYSNNKKKEILVIWGIHHPSTDTDQQALYQNADAYVFVGSSKYSKRFKPEIAARPKVRDQAGRMDYYWTLIEPGDTVTFEATGNLVVPRYAFAMKRGSGSGIIVSDAPVHDCNTTCQTPKGAINTSLPFQNVHPVTIGECPKYVKSTKLRMATGLRNIPSIQSRGLFGAIAGFIEGGWTGMIDGWYGYHHQNEQGAGYAADQKSTQNAIDGITNKVNSIIEKMNTQFTAVGKEFSQLEKRIESLNNKVDDGFLDIWTYNAELLVLLENERTLDYHDSNVKNLYEKVRSQLKNNAKEIGNGCFEFYHKCDNTCMESVKNGTYDYPKYSEVAKLNREEIDGVKLESSRIYQILAIYSTVASSLVLLVSLGAVSFWMCSNGSLQCRICI,EPI1777724,MNTNQRIITIGTVCLTIGILSLLLQIGNIVSLWISHSVQIGGKNQSEMCNKNVITYVNNTWVNRTYVNISNTKIVNVQDVVSVILTGNSSLCPISGWAIYSKDNSIRIGSKGDIFVIREPFISCSHLECRTFFLTQGALLNDKHSNGTVKDRSPYRTLMSCPIGEAPSPYNSRFESVAWSASACHDGMGWLTIGISGPDNGAVAVLKYNGIITDTIKSWRNKILRTQESECVCMNGSCFTVLTDGPSNGQASYKIFKMEKGKIIKSIELDAPNYHYEECSCYPDAGKVMCVCRDNWHASNRPWVSFDQNLNYQIGYICSGVFGDNPRSNDGKGNCGPVHSNGANGVKGFSYKYGNGVWIGRTKSINSRSGFEMIWDPNGWTGTDNSFSMKQDIIALTDWSGYSGSFVQHPELTGMNCIRPCFWVELIRGQPKENTIWASGSSISFCGVNGETASWSWPDGADLPFTIDK,0.0010670463401699938,0.003740423290578857
A/swine/Texas/A02245382/2020(H1N2),H1N2,2020-01-09,EPI1777729,MKAILLVLLHTFAAANADTICIGYHANNSTETVDTVLEKNVTVTHSVNLLEDKHNGKLCKLGGKSPLYLGKCNIAGWLLGNPECESILTVSSWSYIVETSNSDNGTCYPGSFTNYEELREQLSSVSSFEKFEIFPIESSWPNYKTGETASCPYAGRGSFYRNLMWLVKKGDSYPRLNISYVNDKGKEVLVLWGIHHPPTGNDQQWLYQNANASVFVGTSTYSQKFKPEIAIRPKVRGQAGRMNYYWALVEPGDTITFEATGNLVVPRYAFAMNRGSGSGIIVSDAPIHDCNTTCQTPKGALNTSLPFQNVHPVTIGECPKYVKSRRLKMATGLRNIPSIQSRGLFGAIAGFIEGGWTGMIDGWYGYHHQNDQGSGYAADQKSTQRAIDGITNKVNSVIEKMNTQFTAVGKEFNNLERRIENLNRKVDDGFLDVWTYNAELLVLLENERTLDFHDSNVKNLYEKVRNQLRNNAKEIGNGCFEFYHKCDNTCMESVKNGTYNYLKYSEESKLNREEIDRVKLDSTRVYQILAIYSTVASSLVLLVSLGALSFWMCSNGSLQCRICI,EPI1777730,MNPNQKIITIGSVSLIIATICFLMQIAILVTTVTLHFKQHDYNSPPNNKTILCEPTIIERNTTEIVYLTNTTIEREICPKLAEYRRWSKPQCNITGFAPFSKDNSIRLSAGGDIWVTREPYVSCDPDKCYQFALGQGTTLNNGHSNNTVHDRTPYRTLLMNELGVPFHLGTRQVCMAWSSSSCHDGKAWLHICVTGDDNNATASLIYNGRLVDSIGSWSKNILRTQESECVCINGTCTVVMTDGSASGKADTKILFIEEGKIVHISTLSGSAQHVEECSCYPRFPGVRCVCRDNWKGSNRPIVDINVKNYSTVSSYVCSGLVGDTPRKSDSVSSSYCLDPNNEKGGHGVKGWAFDDGNDVWMGRTINETLRLGYETFKVIEGWSKANSKLQTNRQVIVEKGDRSGYSGIFSVESKSCINRCFYVELIRGRKEETKVWWTSNSIVVFCGTSGTYGTGSWPDGADINLMPM,0.005596443106048124,0.0010075594128018102
A/chicken/China/SCDC-0573/2020,H9N2,2020-01-10,EPI2747208,METVSLITILVVATVSNADKICIGYQSTNSTETVDTLTENNVPVTHAKELLHTEHNGMLCATNLGHPLILDTCTIEGLIYGNPSCDPLLGGREWSYIVERPSAVNGLCYPGNVENLEELRSLFSSSKSYQRIQIFPDTIWNVSYSGTSKACSDSFYRSMRWLTQKNNAYPTQDAQYTNNQGKNILFMWGINHPPTDTAQTNLYTRTDTTTSVATEEMNRIFKPLIGPRPLVNGLMGRINYYWSVLKPGQTLRIKSNGNLIAPWYGHILSGESHGRILKTDLKRGSCTVQCQTEKGGLNTTLPFQNISKYAFGNCSKYIGVKSLKLAVGLRNVPSRSSRGLFGAIAGFIEGGWSGLVAGWYGFQHSNDQGVGMAADRDSTQKAIDKITSKVNNIVDKMNKQYEIIDHEFSEVETRLNMINNKVDDQIQDIWAYNAELLVLLENQKTLDEHDANVNNLYNKVKRALGSNAVEDGKGCFELYHKCDDHCMETIRNGTYNRRKYQEESKLERQKIEGVKLESEETYKILTIYSTVASSLVSAMGFAAFLFWAMSNGSCRCNICI,EPI2747206,MNPNQKITAIGSVSLIIAMICLLMQIAILTTTMTLHFGQKECSNPSNNQVMPCEPIIIEKNTVHLNSTVIEREICPKVAKYKNWSKPQCLITGFAPFSKDNSVRLSAGGDIWVTREPYVSCSPDKCYQFALGQGTTLENKHSNGTTYDRTPHRTLLMNELGVPFHLGTKQVCMAWSSSSCYDGKAWLHVCVTGDDKNATASIIYNGMLVDSIGSWSKNILRTQESECVCINGTCAVVMTDGSASGVADTRVLFIREGRIINIRPLSGSAQHVEECSCYPRYPEIRCVCRDNWKGSNRPIIYINMADYSIESGYVCSGLVGDTPRNDDSSSSSNCRDPNNERGAPGVKGWAFDDGNDVWMGRTIKNGSRSGYETFRVINGWTMANSKSQVNRQVIVDSDDWSGYSGIFSVEGKECINRCFYVELIRGRPQEPRVWWTSNSIIVFCGTSGTYGTGSWPDGANINFMPI,0.15333348659967383,0.03847204060708681
A/swine/Minnesota/A02245388/2020(H1N1),H1N1,2020-01-10,EPI1777727,MKAVLVVLLYTFTTANADTLCIGYHANNSTDTVDTVLEKNVTVTHSVNLLENKHNGKLCKLRGVAPLHLGKCNIAGWLLGNPECESLSTASSWSYIVETPNSENGTCYPGDFINYEELREQLSSVSSFERFEIFPKASSWPNHDTNRGVTAACPHAGTNSFYRNLVWLVQKGNSYPKVNKSYINNKEKEVLVLWAIHHPSTSADQQSLYKNADAYVFVGSSKYSRKFEPEIATRPKVRDQAGRMNYYWTLVEPGDKITFEATGNLVAPRYAFALKRNSGSGIIISDTSVHDCDTTCQTPNGAINTSLPFQNIHPVTIGECPKYVKSTKLRMATGLRNIPSIQSRGLFGAIAGFIEGGWTGMIDGWYGYHHQNEQGSGYAADLKSTQSAIDGITNKVNSVIEKMNTQFTAVGKEFSHLEKRIENLNKKVDDGFLDIWTYNAELLVLLENERTLDYHDSNVKNLYEKVRSQLKNNAKEIGNGCFEFYHKCDDVCMESVKNGTYDYPKYSEEAKLNREEIDGVKLESTRIYQILAIYSTVASSLVLVVSLGAISFWMCSNGSLQCRICI,EPI1777728,MNTNQRIITIGTVCLIVGIISLLLQIGNIVSLWVSHSIQTRWENHTEVCNQNVITYVNNTWVNRTYVNISNIKIATIQDVTSIMLAGNSSLCPVSGWAVYSKDNSIRIGSKGDIFVIREPFISCSQLECRTFFLTQGALLNDKHSNGTVKDRSPYRTLMSCPIGEAPSPYNSRFESVAWSASACHDGRGWLTIGISGPDNGAVAVLKYNGIITDTIKSWRNRILRTQESECVCMNGSCYTLLTDGPSNGQASYKIFKVEKGKIIKSIELDAPNYHYEECSCYPDSGKVMCVCRDNWHASNRPWVSFNQNLDYQIGYICSGVFGDNPRSNDGKGSCGPVLSNGANGLKGFSYRYGNGVWIGRTKSINSRSGFEMIWDPNGWTETDSSFSMKQDIISLNDWSGYSGSFVQHPELTGMNCIRPCFWVELIRGQPKENTIWASGSSISFCGVNSETASWSWPDGADLPFTIDK,0.0008769926892544242,0.005213818199668123
A/swine/Denmark/S02444-1/2020,H1N1,2020-01-10,EPI2255380,MKAILVVLLYTFATADADTLCIGYHANNSTDTVDTVLEKNVTVTHSVNLLEDKHNGKLCKLRGVAPLHLGKCNIAGWILGNPECELLSTASSWSYIVETSNSENGTCYPGDFINYEELREQLSSVSSFERFEIFPKTSSWTDNNLKEGVTASCPHAGASSFYKNLMWLVKKTDSYPKLNISYINNKGKEVLVLWGIHHPPTAADQKWLYQNADAYVFVGTSRYSKKFKPEIAIRPKVRNQEGRMDYYWTLVEPGDKITFEATGNLVIPRYAFAMERNAGSGIIISDTPVHECNTTCQTPKGAINTSLPFQNVHPITIGQCPKYVKSTKLRLATGLRNNPSIQSRGLFGAIAGFIEGGWTGMVDGWYGYHHQNEQGSGYAADLKSTQNAIDKITNKVNSVIEKMNTQFTAVGKEFNHLEKRIENLNKKVDDGFLDIWTYNAELLVLLENERTLDYHDSNVKNLYEKVKTQLKNNAKEVGNGCFEFYHKCDNTCMESIKNGTYDYPKYLEEAKLNREEIDGVKLESTRIYQILAIYSTVASSLVLVVSLGAISFWMCSNGSLQCRICI,EPI2255382,MNPNQKIITIGSVCITIGMANLILQIGNILSIWISHSIQLGNQNQIEACNQSLITYENNTWVNQTYVNISNTNFADGQSVVSVKLAGNSSLCPVSGWAIYSKDNSIRIGSKGDVFVIREPFISCSPLECRMFFLTQGALLNDKHSNGTIKDRSPYRTLMSCPIGEVPSPYNSRFESVAWSASACHDGINWLTIGISGPDNGAVAVLKYNGIITDTIKSWRKKILRTQESECACINGSCFTIMTDGPSNGQASYKIFRIEKGKVVKSVEMSAPNYHYEECSCYPDSSEITCVCRDNWHGSNRPWVSFNQNLEYQIGYICSGIFGDNPRPNDNTGSCGPVSSNGANGVKGFSFKYGNGVWIGRTKSISLRKGFEMIWDPNGWTGTDNSFSIKQDIVGMNEWSGYSGSFVQHPELTGLDCIRPCFWVELIRGRPQENTIWTSGSSISFCGVNSDTGGWSWPDGAELPFTIDK,0.0008554219719361343,0.0016350675395017395
A/swine/Kansas/A02245387/2020(H3N2),H3N2,2020-01-10,EPI1777709,MKTIIALSHVLCLVFAQKLHGNDNNMATLCLGHHAVPNGTIVKTITNDHVEVTNATELVQSSSTGEICNSPHQILDGENCTLIDALLGDPQCDGFQNNRWDLFVERSKAHSNCYPYDVPDYASLRSLVASSGTLEFTNESFNWTGVTQDGTSSACKRRSNNSFFSRLNWLTHLHFKYPALEVTMPNNEQFDKLYIWGVHHPATDKDQISLYAQAEGRIIVSTKRSQQAVIPNIGSRPRIRDIPSRISIYWTIVRPGDILLINSTGNLIAPRGYFKIRNGKSSIMRSDAPIGKCNSACITPNGSIPNDKPFQNVNRITYGACPRYVKQNTLKLATGMRNIPEKQTRGIFGAIAGFIENGWEGMVDGWYGFRHQNSEGRGQAADLKSTQAAIDQINGKLNRLIGKTNEKFHQIEKEFSEVEGRIQDLEKYVEDTKIDLWSYNAELLVALENQHTIDLTDSEMNKLFEKTKKQLRENAEDMGNGCFKIYHKCDNACIGSIRNGTYDHDVYRDEALNNRFQIKGVELKSEYKDWILWISFAISCFLLCVALLGFIMWACQKGNIKCNICI,EPI1777710,MNPNQKIITIGSVSLIFATICFFMQIAILVTTVTLHFKQHDYNSPPNNQAILCEPTIIERNTTEIVYLTNTTIEREICPKLAEYRSWSKPQCNITGFAPFSKDNSIRLSAGGDIWVTREPYVSCDPDKCYQFALGQGTTLNNGHSNNTVNDRTPYRTLLMNELGVPFHLGTRQVCMAWSSSSCHDGKAWLHVCVTGNDNNATASLIYNGRLVDSIGSWSKNILRTQESECICINGTCTVVMTDGSASGKADTKILFVEEGKIVHISTLSGSAQHVEECSCYPRFSGVRCVCRDNWKGSNRPIVDINVKNYSIVSSYVCSGLVGDTPRKSDSVSSSDCLDPNNEKGGHGVKGWAFDDGNDVWMGRTINETLRLGYETFKVIEGWSKANSKLQTNRQVIVEKGDRSGYSGIFSVESKSCINRCFYVELIRGRKEETRVWWTSNSIVVFCGTSGTYGTGSWPDGADINLMPM,0.0013219398244121523,0.0010232545211090386
A/chicken/China/2040/2020,H9N2,2020-01-10,EPI2116781,METVSLITILLVAAVSNADKICIGYQSTNSTETVDTLTENNVPVTHAKELLHTEHNGMLCATSLGQPLILDTCTIEGLIYGNPSCDLSLEGKEWSYIVERPSAVNGLCYPGNVENLEELRSLFSSARSYQRIQIFPDTIWNVSYDGTSTACSGSFYKSMRWLTLKNGDYPIQDAQYTNDQGKNILFTWGINHPPTDTTQRDLYTRTDTTTSVATEEINRVFKPLIGPRPRVNGLMGRIDYYWSVLKPGQTLRIKSDGNLIAPWFGHILSGESHGRILKTDLKRGSCTVQCQTEKGGLNTTLPFQNVRKYAFGNCSKYIGIKSLKLAVGLRNVPSRSSRGLFGAIAGFIEGGWSGLVAGWYGFQHSNDQGVGMAADRDSTQKATDKITSKVNNIVDKMNKQCEIIDHEFSEVETRLNVINNKIDDQIQDIWAYNAELLVLLENQKTLDEHDANVNNLYNKVKRALGSNAVEDGKGCFELYHKCDDQCMETIRNGTYNRRKYQEESKLKRQKIEGVKLESEGTYKILTIYSTVASSLVIAMGFAAFLFWAMSNGSCRRNICI,EPI2116779,MNPNQKIIAIGSVSLTIAIICFLMQIAILTTTMTLHFRQNECSNPSNNQVMPCEPIIIEKNTVHLNSTTIEKEICPKMAEYKNWSKPQCQITGFAPFSKDNSIRLSAGGDIWVTREPYVSCSLGKCYQFALGQGTTLKNKHSNGTTHDRIPHRTLLMNELGVPFHLGTKQVCIAWSSSSCHDGKAWLHICVTGDDKNATASIIYDGMLADSIGSWSKNILRTQESECVCINGTCAVVMTDGSASGKADTRILFIREGKIINISPLSGSTQHVEECSCYPRYPEVRCVCRDNWKGSNRPVLYINMADYSIESSYVCSGLVGDTPRDDDSSSSSNCRDPNNERGAPGVKGWAFDDGNDIWMGRTIKSDSRSGYETFRVVNGWTTANSKSQVNRQVIVESDSWSGYSGIFSVEGKNCINRCFYVELIRGRPQETRVWWTSNSIIVFCGTSGTYGTGSWPDGANIDFMPI,0.1529419666477948,0.04582923841834443
A/chicken/China/SCDC-SUN2/2020,H9N2,2020-01-12,EPI2747109,METVSLITILLVATVSYADKICIGYQSTNSTETVDTLTENSVPVTHAKELLHTEHNGMLCATSLGQPLILDTCTIEGLIYGNPSCDLSLEGREWSYIVERPSAVNGLCYPGNVENLEELRSLFSSARSYQRVQIFPDTIWNVSYDGTSTACSGSFYKSMRWLTRKDGNYPTQDAQYTNNQGKNILFMWGINHPPTDDTQRSLYTRTDTTTSVATEEINRVFKPLIGPRPLVNGLMGRIDYYWSVLRPGQTLRIKSDGNLIAPWYGYILSGESHGRILKTDLKRGSCTVQCQTEKGGLNTTLPFQNVSKYAFGNCSKYIGIKSLKLAVGLRNVPSRSSRGLFGAIAGFIEGGWSGLVAGWYGFQHSNDQGVGMAADRDSTQKAIDKITSKVNNIVDKMNKQYEIIDHEFSEVETRLNMINNKIDDQIQDIWAYNAELLVLLENQKTLDEHDANVNNLYNKVKRALGSNAAEDGKGCFELYHKCNDQCMETIRNGTYNRKKYQEESKLGRQKIEGVKLESEGTYKILTIYSTVASSLVIAMGFAAFLFWAMSNGSCRCNICI,EPI2747103,MNPNQKITAIGSVSLIIAIICMLMQIAILTTTMTLHFGQKECSNPSNNQVVPCEPIIIERSTVHLNSTTIEREICPKVAGYKNWSKPQCPITGFAPFSKDNSIRLSAGGDVWVTREPYVSCSPDKCYQFALGQGTTLKNKHSNGTTHDRTPHRTLLMNELGVPFHLGTKQVCIAWSSSSCYDGKAWLHICVTGDDKNATASIIYDGMLVDSIGSWSQNILRTQESECVCINGTCAVVMTDGSASGVADTRVLFIREGKIVNIRPLSGSAQHVEECSCYPRYPEIRCVCRDNWKGSNRPIIYINMADYSIESSYVCSGLVGDTPRNDDSSSSSNCRDPNNERGAPGVKGWAFDDGNDVWMGRTIKNGSRSGYETFRVINGWTMANSKSQINRQVIVDSDDWSGYSGIFSVEGKECINRCFYVELIRGRPQEPIVWWTSNSIIVFCGTSGTYGTGSWPDGANINFMPI,0.1529768687726562,0.039671135363957374
A/swine/Liaoning/JZ266/2020,H1N1,2020-01-12,EPI2143541,MEARLLVLFCALTTLNADTICVGYHANNSTDTVDTILEKNVTVTHSVNLLEDSHNGKLCSLNGKIPLLLGNCHVAGWILGNPKCDSLLTASSWSYIIETSNSKDGACYPGEFADYEELKEQLSTVSSFERFEIFPKATSWPNHDTTRGTTVACSHSGANSFYRNLLWIVKKGNSYPKLSRSYTNNKGKEVLVIWGVHHPPTDSDQQTLYQNNHTYVSVGSTKYYKRFTPEIVARPKVREQAGRMNYYWTLLDQGDTITFEATGNLIAPWHAFALKKGSSSGIMRSDAQVHNCTTKCQTPHGALKGNLPFQNVHPVTIGKCPKYVKSTQLRLATGLRNIPSIQSRGLFGAIAGFIEGGWTGMVDGWYGYHHRNEQGSGYAADQKSTQSAIDGISNKVNAVIEKMNIQFTSVGKEFNSLEKRMENLNKKVDDGFLDVWTYNAELLILLENERTLDFHDLNVKNLYEKVKSQLRNNAKEIGNGCFEFYHKCDNECMESIKNGTYNYPKYSEESKLNREEIDGVKLESVGIHQILAIYSTVASSLVLLVSLGAISFWMCSNGSLQCRVCI,EPI2143545,MNPNQKIITIGSICMTIGVASLILQIGSIISIWISHSIQTENQNQSEICNQTVITYENNTWVNQTYVNVSNTNFVAEQVVSSVKLAGNSSLCPVSGWAIYSKDNSVRIGSKGDVFVIREPFISCSQLECRTFFLTQGALLNDKHSNGTIKDRSPYRTLMSCPIGEVPSPYNSRFESVAWSASACHDGTSWLTIGISGPDNGAVAVLKYNGIITDTIKSWRKNILRTQESECACVNGSCFTVMTDGPSNGQASYKIFKIERGKVVKSVELNAPNYHYEECSCYPESSEIICVCRDNWHSSNRPWVSFNQNLEYQIGYICSGIFGDNPRPNDKTGSCGPVLPNGANGVKGFSFKYGNGVWIGRTKSTSSRMGFEMIWDPNGWTGTDDEFSVKQDIIGITDWSGYSGSFVQHPELTGLNCMRPCFWVELIRGRPKENTIWTSGSSISFCGVNSDTVGWSWPDGAELPFTIDK,0.005993121851592421,0.004473691994304597
A/swine/Iowa/A02245389/2020(H1N1),H1N1,2020-01-13,EPI1777721,MKAVLVVLLYTFTTANADTLCIGYHANNSTDTVDTVLEKNVTVTHSVNLLENRHNGKLCKLRGVAPLHLGKCNIAGWLLGNPECESLSTASSWSYIVETPNSENGTCYPGDFINYEELREQLSSVSSFERFEIFPKASSWPNHDTNRGVTAACPHAGTNSFYRSLVWLVQKGNSYPKVNKSYINNKEKEVLVLWAIHHPSTSADQQSLYKNADAYVFVGSSRYSRKFEPEIATRPKVRDQAGRMNYYWTIVEPGDKITFEATGNLVAPRYAFALKRNSGSGIIISDTSVHDCDTTCQTPNGAINTSLPFQNIHPVTIGECPKYVKSTKLRMATGLRNIPSIQSRGLFGAIAGFIEGGWTGMIDGWYGYHHQNEQGSGYAADLKSTQSAIDGITNKVNSVIEKMNTQFTAVGKEFSHLEKRIENLNKKVDDGFLDIWTYNAELLVLLENERTLDYHDSNVKNLYEKVRSQLKNNAKEIGNGCFEFYHKCDDMCMESVKNGTYDYPKYSEEAKLNREEIDGVKLESARIYQILAIYSTVASSLVLVVSLGAISFWMCSNGSLQCRICI,EPI1777722,MNTNQRIITIGTVCLIVGIINLLLQIGNIVSLWVSHSIQTRWENHTEVCNQNVITYVNNTWVNRTYVNISNIKIATIQDVTSIILAGNSSLCPVSGWAVYSKDNSIRIGSKGDIFVIREPFISCSQLECRTFFLTQGALLNDKHSNGTVKDRSPYRTLMSCPIGEAPSPYNSRFESVAWSASACHDGRGWLTIGISGPDNGAVAVLKYNGIITDTIKSWRNRILRTQESECVCMNGSCFTLLTDGPSNGQASYKIFKVEKGKIIKSIELDAPNYHYEECSCYPDSGKVMCVCRDNWHASNRPWVSFNQNLDYQIGYICSGVFGDNPRSNDGKGNCGPVLSNGANGLKGFSYRYGNGVWIGRTKSINSRSGFEMIWDPNGWTETDSSFSMKQDIIALNDWSGYSGSFVQHPELTGMNCIRPCFWVELIRGQPKENTIWASGSSISFCGVNSETASWSWPDGADLPFTIDK,0.0008840868525867289,0.005213755540012421
A/swine/Iowa/A02478997/2020,H3N2,2020-01-13,EPI1777659,MKTIIAFSCILCLIIAQKLPGSDNSMATLCLGHHAVPNGTLVKTITDDQIEVTNATELVQSSSTGRICNSPHQILDGKNCTLIDALLGDPHCDDFQNKEWDLFVERSTAYSSCYPYYVPDYATLRSLVASSGNLKFTQEIFNWTGVAQDGSSYSCRRESVNSFFSRLNWLYHLNYKYPEQNVTMPNNDKFDKLYIWGVHHPGTDKDQTNLYVQASGRVIVSTRRSQQTVIPNIGSRPWVRGVSSIISIYWTIVKPGDILLINSTGNLIAPRGYFKIQNGKSSIMRSDAHIDECNSECITPNGSISNDKPFQNVNKITYGACPRYVKQNTLKLATGMRNVPEKQTRGIFGAIAGFIENGWEGMVDGWYGFRHQNSEGTGQAADLESTQAAINQITGKLNRVIKKTNEKFHQIEKEFSEVEGRIQDLEKYVEDTKIDLWSYNAELLVALENQHTIDLTDSEMNKLFERTRRQLRENAEDMGNGCFKIYHKCDNACIGSIRNGTYDHDIYRNEALNNRFQVKGVQLKSGYKDWILWISFAISCFLLCVVLLGFIMWACQKGNIRCNICI,EPI1777660,MNPNQKIITIGSVSLIIATICFLMQIAILVTTVTLHFKQHDCDSSPNNQVMFCEPTIIERNKTEIVYLTNTTVEKEICPKPAEYRNWSKPQCNITGFAPFSKDNSIRLSAGGDIWVTREPYVSCDFDKCYQFALGQGTTLNNGHSNNTVHDRTPYRTLLMNELGVPFHLGTRQVCIAWSSSSCHDGKAWLHVCITGDDKNATASFIYNGRLVDSIGSWSKNILRTQESECVCINGTCTVVMTDGSASGEADTKILFIEEGRIIHISTLSGSAQHVEECSCYPRYPGVRCVCRDNWKGSNRPIVDINVKDYSIASSYVCSGLVGDTPRKNDSFSSSHCIDPNNEEGGHGVKGWAFDDGNDVWMGRTISEKSRLGYETFKVIKGWSKPNSKLQTNRQVIVGRGNRSGYSGIFSVEGKNCINRCFYVELIRGRKEETKVWWTSNSIVVFCGTSGTYGTGSWPDGADINLMPI,0.0017878188611083828,0.0009506472405605037
A/swine/Iowa/A02479003/2020,H1N1,2020-01-13,EPI1777637,MKAILVVLLCTFTKANADTLCIGYHANNSTDTVDTVLEKNVTVTHSVNLLENRHNGKLCKLRGVAPLHLGKCSIAGWLLGNPECESLSTARSWSYIVETSKSENGTCYPGDFINYEELREQLSSVSSFERFEIFPKTSSWPNHDTNRGVTAACPHAGTNSFYRNLVWLVQKGNSYPKINKSYINDKEREVLVLWAIHHPSTSADQQSLYKNADAYVFVGSSKYSRKFEPEIATRPKVRDQAGRMNYYWTLVEPGDKITFEATGNLVAPIYAFALKRNSGSGIIISDTSVHDCDTTCQTPNGAINTSLPFQNVHPVTIGKCPKYVKSTKLRMATGLRNIRSIQTRGLFGAIAGFIEGGRTGVIDGWYGYHHQNEQGSGYAADLKSTQNAIDGITNKVNSVIEKMNTQFTAVGKEFNHLERRIENLNKKVDDGFLDIWTYNAELLVLLENERTLDYHDSNVKNLYEKVRSQLKNNAKEIGNGCFEFYHKCDNMCMESVKNGTYDYPKYSEEAKLNREEIDGVKLESTRIYQILAIYSTVASSLVLIVSLGAISFWMCSNGSLQCRICI,EPI1777638,MNTNQRIITIGTVCMIVGIISLLLQIGNIVSLWISHSIQTGWENHTGVCNQSVITYVNNTWVNQTYVNISNIKIATIQDVTPIILAGNSSLCPVSGWAVYSKDNSIRIGSKGDIFVIREPFISCSQLECRTFFLTQGALLNDKHSNGTVKDRSPYRTLMSCPIGEAPSPYNSRFESVAWSASACHDGMGWLTIGISGPDNGAVAVLKYNGIITDTIKSWRNKILRTQESECVCMNGSCFTVLTDGPSNGQASYKIFKMEKGKIIKSVELDAPNYHYEECSCYPDTGKVMCVCRDNWHASNRPWVSFNQNLDYQIGYICSGVFGDNPRSTDGKGNCGPVLSNGANGVKGFSYRYGNGVWIGRTKSTNSRSGFEMIWDPNGWTETDSSFSMKQDIIALNDWSGYSGSFVQHPELTGMNCIRPCFWVELIRGQPKESTIWASGSSISFCGVNSETASWSWPDGADLPFTIDK,0.0008082090270935671,0.005181957152825781
A/mallard/Ukraine/AN-221-13-01/2020,H7N2,2020-01-13,EPI1894439,MNTQILVLALVAIIPTNADKICLGHHAVSNGTKVNTLTERGVEVVNATETVERTNVPRICSKGKRTVDLGQCGLLGTITGPPQCDQFLEFSADLIVERREGSDVCYPGKFVNEEALRQILRESGGIDKETMGFTYSGIRTNGATSACRRSGSSFYAEMKWLLSNTDNAAFPQMTKSYKNTRKDPALIVWGIHHSGSTTEQTKLYGSGNKLITVGSSNYQQSFVPSPGARPQVNGQSGRIDFHWLMLNPNDTVTFSFNGAFIAPDRASFLRGKSMGIQSGVQIDASCDGDCYHNGGTIISNLPFQNINSRAIGKCPRYVKQESLMLATGMKNVPEPPKGRGLFGAIAGFIENGWEGLIDGWYGFRHQNAQGEGTAADYKSTQSAIDQITGKLNRLIEKTNQQFELIDNEFTEIEKQIGNVINWTRDSMTEVWSYNAELLVAMENQHTIDLADSEMNKLYERVKRQLRENAEEDGTGCFEIFHKCDDDCMASIRNNTYDHSKYREEAMQNRIQINPVKLSSGYKDVILWFSFGASCFILLAIAMGLVFICVKNGNMRCTICI,EPI1894443,MNPNQKIITIGSVSLTIAIVCFLMQIAILATTITLHFKQNECSIPSNNQVVPCEPIIVERNITEIVYLNNTTIEKEICPKLTEYRNWSKPQCQITGFAPFSKDNSIRLSAGGDIWVTREPYVSCSPDKCYQFALGQGTTLDNKHSNGTIHDRIPHRTLLMNELGVPFHLGTKQVCIAWSSSSCHDGRAWLHVCVTGDDRNATASFIYDGMLVDSIGSWSQNILRTQESECVCINGTCTVVMTDGSASGRADTRILFIKEGRIVHISPLSGSAQHIEECSCYPRYPDVRCVCRDNWKGSNRPVIDINMADYSIDSSYVCSGLVGDTPRNDDSSSNSNCKDPNNERGNPGVKGWAFDYGSDVWMGRTISKDSRSGYETFRVIGGWATANSKSQVNRQVIVDNSNWSGYSGIFSVEGKSCTNRCFYVELIRGRPQETRVWWTSNSIVVFCGTSGTYGTGSWPDGANINFMPI,0.05690102326175029,0.01791948933551128
A/mallard/Ukraine/AN-223-13-01/2020,H7N3,2020-01-13,EPI1894563,MNTQILVLALVAIIPTNADKICLGHHAVSNGTKVNTLTERGVEVVNATETVERTNVPRICSKGKRTVDLGQCGLLGTITGPPQCDQFLEFSADLIVERREGSDVCYPGKFVNEEALRQILRESGGIDKETMGFTYSGIRTNGATSACRRSGSSFYAEMKWLLSNTDNAAFPQMTKSYKNTRKDPALIVWGIHHSGSTTEQTKLYGSGNKLITVGSSNYQQSFVPSPGARPQVNGQSGRIDFHWLMLNPNDTVTFSFNGAFIAPDRASFLRGKSMGIQSGVQIDASCDGDCYHNGGTIISNLPFQNINSRAIGKCPRYVKQESLMLATGMKNVPEPPKGRGLFGAIAGFIENGWEGLIDGWYGFRHQNAQGEGTAADYKSTQSAIDQITGKLNRLIEKTNQQFELIDNEFTEVEKQIGNVINWTRDSMTEVWSYNAELLVAMENQHTIDLADSEMNKLYERVKRQLRENAEEDGTGCFEIFHKCDNDCMASIRNNTYDHSKYREEAMQNRIQINPVKLSSGYKDVILWFSFGASCFILLAIAMGLVFICVKNGNMRCTICI,EPI1894567,MNPNQKIITIGVVNTTLSTIALLIGVGNLIFNTVIHEKIGDHQTVVFPTITTPVVPNCSDTIITYNNTVVNNITTTIITRAEKHFKSSLPLCPFRGFFPFHKDNAIRLGENKDVIVTREPYVSCDNDNCWSFALAQGALLGTKHSNGTIKDRTPYRSLIRFPIGAAPVLGNYREICVAWSSSSCFDGKEWMHICMAGNDNDASGQIIYAGKMTDSIKSWRKDILRTQESECQCIDGTCVVAVTDGPAANSADHRIYWIREGKVMKYENIPKTKIQHLEECSCYVDIDVYCICRDNWKGSNRPWMRINNETILETGYVCSKFHSDTPRPTDPSTVSCDSPSNVNGGPGVKGFGFKTGDDVWLGRTVSTSGRSGFEIIKVTEGWINSPNHAKSVTQTLVSNNDWSGYSGSFIVENNGCFQPCFYIELIPGRPNKNDDVSWTSNSIVTFCGLDNEPGSGNWPDGSNIGFMPK,0.056901014115996344,0.00393934458475591
A/swine/Texas/A02245390/2020(H1N2),H1N2,2020-01-14,EPI1777707,MKAILLVLLHTFAAANADTICIGYHANNSTETVDTVLEKNVTVTHSVNLLEDKHNGKLCKLGGKSPLYLGKCNIAGWLLGNPECESILTVSSWSYIVETSNSDNGTCYPGSFTNYEELREQLSSVSSFEKFEIFPIESSWPNYETGETASCPYAGRRSFYRNLMWLVKKGDSYPRLNISYVNDKGKEVLVLWGIHHPPTGNDQQWLYQNANASVFVGTSTYSQKFKPEIAIRPKVRGQAGRMNYYWALVEPGDTITFEATGNLVVPRYAFAMNRGSGSGIIVSDAPIHDCNTTCQTPKGALNTSLPFQNVHPVTIGECPKYVKSRRLKMATGLRNIPSIQSRGLFGAIAGFIEGGWTGMIDGWYGYHHQNDQGSGYAADQKSTQRAIDGITNKVNSVIEKMNTQFTAVGKEFNNLERRIENLNRKVDDGFLDVWTYNAELLVLLENERTLDFHDSNVKNLYEKVRNQLRNNAKEIGNGCFEFYHKCDNTCMESVKNGTYNYLKYSEESKLNREEIDRVKLDSTRVYQILAIYSTVASSLVLLVSLGALSFWMCSNGSLQCRICI,EPI1777708,MNPNQKIITIGSVSLIIATICFLMQIAILVTTVTLHFKQHDYNSPPNNKTILCEPTIIERNTTEIVYLTNTTIEREICPKLAEYRRWSKPQCNITGFAPFSKDNSIRLSAGGDIWVTREPYVSCDPDKCYQFALGQGTTLNNGHSNNTVHDRTPYRTLLMNELGVPFHLGTRQVCMAWSSSSCHDGKAWLHICVTGDDNNATASLIYNGRLVDSIGSWSKNILRTQESECVCINGTCTVVMTDGSASGKADTKILFIEEGKIVHISTLSGSAQHVEECSCYPRFPGVRCVCRDNWKGSNRPIVDINVKNYSTVSSYVCSGLVGDTPRKSDSVSSSYCLDPNNEKGGHGVKGWAFDDGNDVWMGRTINETLRLGYETFKVIEGWSKANSKLQTNRQVIVEKGDRSGYSGIFSVESKSCINRCFYVELIRGRKEETKVWWTSNSIVVFCGTSGTYGTGSWPDGADINLMPM,0.005578298525914401,0.0010075594128018102
A/swine/Iowa/A02478999/2020,H3N2,2020-01-14,EPI1777665,MKTIIAFSCILCQIFAQKLPGSDNSMATLCLGHHAVPNGTLVKTITDDQIEVTNATELVQSSSTGRICSSPYKILDGKNCTLIDALLGDPHCDDFQNKKWDLFVERSTAYSNCYPYYVPDYTSLRSLVASSGTLEFNQESFNWTGVAQDGSSIACKRGSDSSFFSRLNWLYHLNYKYPALNVTMPNNDKFDKLYIWGVHHPGTDKDQTNLYVQAQGRVIISTKRSQQTVIPDVGSRPWVRGVSSIISIYWTVVKPGDMLLINSTGNLVAPRGYFKIQSGKSSIMRSDAPIDNCNSECITPNGSIPNDKPFQNVNRITYGACPRYVKQNTLKLATGMRNVPEKQTRGIFGAIAGFIENGWEGMVDGWYGFRHQNSEGTGQAADLKSTQAAITQITGKLNRVIKKTNEKFHQIEKEFSEVEGRIQDLEKYVEDTKIDLWSYNAELLVALENQHTIDLTDSEMNKLFERTRKQLRENAEDMGNGCFKIYHKCDNACIGSIRNGTYDHDVYRDEALNNRFQIKGVQLKSGYKDWILWISFAISCFLICVVLLGFIMWACQKGNIRCNICI,EPI1777666,MNPNQKIITIGSVSLIIATICFLMQVAILVTTVTLHFKQHDCNSSLNSQVMLCEPTIIERNKTEIVYLTNTTVEKEICPKPAEYRNWSKPQCNITGFAPFSKDNSIRLSAGGDIWVTREPYVSCDLDKCYQFALGQGTTLNNRHSNGTVHDRTPYRTLLMNELGVPFHLGTRQVCIAWSSSSCHDGKAWLHVCITGDDQNATASFIYNGRLVDSIGSWSKNILRTQESECVCINGTCTVVMTDGSASGKADTKILFIVEGKIIHVSKLSGSAQHVEECSCYPRYPGVRCVCRDNWKGSNRPIVDINVKDYSIVSSYVCSGLVGDTPRETDNFSSSYCLNPNNEKGGHGVKGWAFDDGDDVWMGRTINETLRLGYETFKVIKGWSKPNSKLQTSRQVIVEEGNRSGYSGIFSVEGKNCINRCFYVELIRGWKEETRVWWTSNSIVVFCGTSGTYGTGSWPDGADINLMPI,0.0017703828708537873,0.001246062656201422
A/swine/Iowa/A02479002/2020,H1N1,2020-01-14,EPI1777655,MKAILVVLLYTFTTANADTLCIGYHANNSTDTVDTVLEKNVTVTHSVNLLEDKHNGKLCKLRGVAPLHLGKCNIAGWILGNPECESLSTARSWSYIVETSNSDNGTCYPGDFINYEELREQLSSVSSFERFEIFPKTSSWPNHDSNKGVTAACSHAGAKSFYKNLIWLVKKGNSYPKLNQTYINDKGKEILVLWGIHHPPTTADQQSLYQNADAYVFVGTSRYSKKFKPEIATRPKVRDQEGRMNYYWTLVEPGDKITFEATGNLVVPRYAFTMERNAGSGIIISDTPVHDCNTTCQTPEGAINTSLPFQNVHPITIGKCPKYVKSTKLRLATGLRNVPSIQSRGLFGAIAGFIEGGWTGMVDGWYGYHHQNEQGSGYAADLKSTQNAIDKITNKVNSVIEKMNTQFTAVGKEFNHLEKRIENLNKKVDDGFLDIWTYNAELLVLLENERTLDYHDSNVKNLYEKVRTQLKNNAKEIGNGCFEFYHKCDNTCMESVKNGTYDYPKYSEEAKLNREKIDGVKLESTRIYQILAIYSTVASSLVLVVSLGAISFWMCSNGSLQCRICI,EPI1777656,MNPNQKIITIGSICMTIGMANLILQIGNIISIWVSHSIQIGNQSQIETCNQSVITYENNTWVNQTYVNISNTNFAARQSMASVKLAGNSSLCPVSGWAIYSKDNSVRIGSKGDVFVIREPFISCSPLECRTFFLTQGALLNDKHSNGTVKDRSPYRTLMSCPIGEVPSPYNSRFESVAWSASACHDGTNWLTIGISGPDSGAVAVLKYNGIITDTIKSWRNNILRTQESECACVNGSCFTIMTDGPSDGQASYKIFRIEKGKVIKSVEMKAPNYHYEECSCYPDSSEITCVCRDNWHGSNRPWVSFNQNLEYQMGYICSGVFGDNPRPNDKTGSCGPVSSNGANGVKGFSFKYGNGVWIGRTKSISSRKGFEMIWDPNGWTGTDNKFSIKQDIVGINEWSGYSGSFVQHPELTGLDCIRPCFWVELIRGRPEENTIWTSGSSISFCGVDSDTVGWSWPDGAELPFTIDK,0.00036255234414467454,0.0005548883976717416
A/swine/France/24-200063/2020,H1N1,2020-01-14,EPI1975624,MEAKLFVLFCAFTALKADTICIGYHANNSTETVDTIMEKNVTVTHSVNLLENSHNGKLCSLNGKAPLQLGNCNVAGWILGNPECDLLLTANSWSYIIETSNSKNGTCYPGEFANYEELREQLSTVSSFERFEIFPKATSWPNHETAKGTTVACAYSGANSFYRNLLWIVKKRDSYPKLSKSYTNNKGKEVLIIWGVHHPPTDSDQQTLYQNNHTYVSVGSSKYYQRFTPEIVARPKIREQAGRMNYYWTLLDQGDTITFEATGNLIAPWYAFALDKGSNSGIMMSDAHVHNCTTKCQTPYGALKSSLPFQNVHPITIGECPKYVKSTQLRMATGLRNIPSIQSRGLFGAIAGFIEGGWTGMIDGWYGYHHQNEQGSGYAADQKSTQIAIDGISNKVNSVIEKMNIQFTSVGKEFSNLEKRIENLNKKVDDGFLDVWTYNAELLVLLENERTLDFHDVNVKNLYEKVKSQLRNNAKEIGNGCFEFYHKCDNECMESVKNGTYNYPRYSEESKLNREKIDGVKLESVGVHQILAIYSTVASSLVLLVSLGAISFWMCSNGSLQCRICI,EPI1975628,MNPNQKIIIISSICMANGITSLILQIGNIISIWISHSIQTGNQNQTETCNQSVIIHENNTWINQTYVNVSNNNFIAEQTIAPVKLAGNSFLCPVSGXAIYSKDNSVRVGSKGDVFVIREPFISCSHLECRTFFLTQGALLNDKHSNGTVKDRSPYRTLMSCPIGEVPSPYNSRFESVAWSASACHDGSSWLTIGISGPDNGAVAVLKYNDIITDTIKSWGNKILRTQESECVCLNGSCFIVMTDGPSDRQASYKIFKMEKGKVIKSVELNAPNYHYEECSCYPDSGEIMCVCRDNWHGSNRPWLSFNQNLEYQVGYICSGVFGDNPRPKDGTGSCGPVSSNGANGVKGFSFKYGNGXWMGRTKSTNSRSGFEMIWDPNGWTGTDSNFSVKQDIVGIKDWTGYSGSFVQHPELTGLNCIRPCFWVELIRGRPKENTIWTSGSSISFCGVNSDTVGWSWPDGAELPFTIDK,0.0063041500379042905,0.006527656290517773
A/swine/Iowa/A02245392/2020,H1N1,2020-01-14,EPI1777814,MKAVLVVLLYTFTTANADTLCIGYHANNSTDTVDTVLEKNVTVTHSVNLLENRHNGKLCKLRGVAPLHLGKCNIAGWLLGNPECESLSTASSWSYIVETPNSENGTCYPGDFINYEELREQLSSVSSFERFEIFPKASSWPNHDTNRGVTAACPHAGTNSFYRNLVWLVQKGNSYPKVNKFYINNKEKEVLVLWAIHHPSTSADQQSLYKNEDAYVFVGSSKYSRKFEPEIATRPKVRDQAGRMNYYWTLVEPGDKITFEATGNLVAPRYAFALKRNSGSGIIISDTSVHDCDTTCQTPNGAINTSLPFQNIHPVTIGECPKYVKSTKLRMATGLRNIPSIQSRGLFGAIAGFIEGGWTGMIDGWYGYHHQNEQGSGYAADLKSTQSAIDGITNKVNSVIEKMNTQFTAVGKEFSHLEKRIENLNKKVDDGFLDIWTYNAELLVLLENERTLDYHDSNVKNLYEKVRSQLKNNAKEIGNGCFEFYHKCDDMCMESVKNGTYDYPKYSEEAKLNREEIDGVKLESTRIYQILAIYSTVASSLVLVVSLGAISFWMCSNGSLQCRICI,EPI1777815,MNTNQRIITIGTVCLVVGIISLLLQIGNIVSLWVSHSIQTRWENHTEVCNQNVITYVNNTWVNRTYVNISNIKIATIQDVTSIMLAGNSSLCPVSGWAVYSKDNSIRIGSKGDIFVIREPFISCSQLECRTFFLTQGALLNDKHSNGTVKDRSPYRTLMSCPIGEAPSPYNSRFESVAWSASACHDGRGWLTIGISGPDNGAVAVLKYNGIITDTIKSWRNRILRTQESECVCINGSCFTLLTDGPSNGQASYKIFKVEKGKIIKSIELDAPNYHYEECSCYPDSGKVMCVCRDNWHASNRPWVSFNQNLDYQIGYICSGVFGDNPRSNDGKGSCGPVLSNGANGLKGFSYRYGNGVWIGRTKSINSRSGFEMIWDPNGWTETDSSFSMKQDIIALNDWSGYSGSFVQHPELTGMNCIRPCFWVELIRGQPKENTIWASGSSISFCGVNSETASWSWPDGADLPFTIDK,0.0009014020025948284,0.005224063393194643
A/swine/Ohio/OH20-879/2020,H1N1,2020-01-14,EPI2497590,MKAILVVLLCTFTTANADTLCIGYHANNSTDTVDTVLEKNVTVTHSVNLLEDKHNGKLCKLRGVAPLHLGKCNIAGWILGNPECESLSTARSWSYIVETSNSDNGTCYPGDFINYEELREQLSSVSSFERFEIFPKTSSWPNHDSNKGVTAACPHAGAKSFYKNLIWLVKKENSYPKLNQTYINDKGKEVLVLWGIHHPPTTADQQSLYQNADAYVFVGTSRYSKKFKPEIGKRPKVRDQEGRMNYYWTLVEPGDKITFEATGNLVVPRYAFTMERNAGSGIIISDTPVHDCNTTCQTPEGAINTSLPFQNVHPITIGKCPKYVKSTKLRLATGLRNVPSIQSRGLFGAIAGFIEGGWTGMVDGWYGYHHQNEQGSGYAADLKSTQNAIDKITNKVNSVIEKMNTQFTSVGKEFNHLEKRIENLNKKVDDGFLDIWTYNAELLVLLENERTLDYHDSNVKNLYEKVRTQLKNNAKEIGNGCFEFYHKCDNTCMESVKNGTYDYPKYSEEAKLNREKIDGVKLESTRIYQILAIYSTVASSLVLVVSLGAISFWMCSNGSLQCRICI,EPI2497592,MNPNQKIITIGSICMTIGMANLILQIGNIISIWVSHSIQIGNQSQIETCNQSVITYENNTWVNQTYVNISNTNFAARQSVASVKLAGNSSLCPVSGWAIYSKDNSVRIGSKGDVFVIREPFISCSPLECRTFFLTQGALLNDKHSNGTIKDRSPYRTLMSCPIGEVPSPYNSRFESVAWSASACHDGTNWLTIGISGPDSGAVAVLKYNGIITDTIKSWRNNILRTQESECACVNGSCFTIMTDGPSDGQASYKIFRIEKGKIIKSVEMKAPNYHYEECSCYPDSSEITCVCRDNWHGSNRPWVSFNQNLEYQMGYICSGVFGDNPRPNDKTGSCGPVSSNGANGVKGFSFKYGNGVWIGRTKSISSRKGFEMIWDPNGWTGTDNKFSIKQDIIGINEWSGYSGSFVQHPELTGLDCIRPCFWVELIRGRPEENTIWTSGSSISFCGVDSDTVGWSWPDGAELPFTIDK,0.00031330555846932395,0.00047333854279741933
A/swine/Nebraska/A02478998/2020(H1N1),H1N1,2020-01-14,EPI1785483,MKAILVVLLYTFTTANADTLCIGYHANNSTDTVDTVLEKNVTVTHSVNLLEDKHNGKLCKLRGVAPLHLGKCNIAGWILGNPECESLSTARSWSYIVETSNSDNGTCYPGDFINYEELREQLSSVSSFERFEIFPKTSSWPNHDSNKGVTAACSHAGAKSFYKNLIWLVKKGNSYPKLNQTYINDKGKEILVLWGIHHPPTTADQQSLYQNADAYVFVGTSRYSKKFKPEIATRPKVRDQEGRMNYYWTLVEPGDKITFEATGNLVVPRYAFTMERNAGSGIIISDTPVHDCNTTCQTPEGAINTSLPFQNVHPITIGKCPKYVKSTKLRLATGLRNVPSIQSRGLFGAIAGFIEGGWTGMVDGWYGYHHQNEQGSGYAADLESTQNAIDKITNKVSSVIEKMNTQFTAVGKEFNHLEKRIENLNKKVDDGFLDIWTYNAELLVLLENERTLDYHDSNVKNLYEKVRTQLKNNAKEIGNGCFEFYHKCDNTCMESVKNGTYDYPKYSEEAKLNREKIDGVKLESTRIYQILAIYSTVASSLVLVVSLGAISFWMCSNGSLQCRICI,EPI1785484,MNPNQKIITIGSICMTIGMANLILQIGNIISIWVSHSIQIGNQSQIETCNQNVITYENNTWVNQTYVNISNTNFAARQSMASVKLAGNSSLCPVSGWAIYSKDNSVRVGSKGDVFVIREPFISCSPLECRTFFLTQGALLNDKHSNGTVKDRSPYRTLMSCPIGEIPSPYNSRFESVAWSASACHDGTNWLTIGISGPDSGAVAVLKYNGIITDTIKSWRNNILRTQESECACVNGSCFTIMTDGPSDGQASYKIFRIEXGKVIKSVEMKAPNYHYEECSCYPDSSEITCVCRDNWHGSNRPWVSFNQNLEYQMGYICSGVFGDNPRPNDKTGSCGPVSSNGANGVKGFSFKYGNGVWIGRTKSISSRKGFEMIWDPNGWTGTDNKFSIKQDIVGINEWSGYSGSFVQHPELTGLDCIRPCFWVELIRGRPEENTIWTSGSSISFCGVDSDTVGWSWPDGAELPFTIDK,0.00039534104827029944,0.0006515970669578002
A/chicken/Kenya/BM-CO-0010/2020,H9N2,2020-01-15,EPI2981272,MEAIPLLTLLLVVTTSSADKICVGHQSTNSTETVDTLTETNVPVTQAKELLHTEHNGMLCATNLGRPLILNTCTIEGLIYGNPSCDMLLGGREWSYIVERPSAVNGTCYPGNIENLEELRTLFSSSSSYQRIQLFPDTIWNVTYTGTSKSCSDSFYRNMRWLTQKDGLYPIQDAQYTNNRGKDILFVWGIHHPPTDTAQTNLYTRTDTTTSVTTENLDRTFKPLIGPRPLVNGLIGRINYYWSVLKPGQTLRVRSNGNLVAPWFGHVLSGESHGRILRTDLSSGNCVVQCQTEKGGLNSTLPFHNISKYAFGTCPKYIGVKSLKLAVGLRNVHARSSRGLFGAIAGFIEGGWPGLVAGWYGFQHSNDQGVGMAADRDSTQKAVDKITSKVNNIVDKMNKQYEIIDHEFSEVETRLNMINNKIDDQIQDIWAYNAELLVLLENQKTLDEHDANVNNLYNKVKRALGSNAMEDGKGCFELYHKCDNQCMETIRNGTYNRRKYTEESRLERQKIEGVKLESEGTYKILSIYSTVASSLVLAMGFAAFLFWAMSNGSCRCNICI,EPI2981271,MNPNQKIITLSSVSLTVAAICLLMQIAILATNMIIHFQQDKYTNLYNNQSVPCEPIIIERNKXEIVYLNNITIERESCPTAADYRVWSKPQCQIKGFAPFSKDNSIRLSAGGDIWVTREPYVSCDLSKCYQFALGQGTTLDNKHSNGTTHDRSPHRTLLMNELGVPFHLGTKQVCIAWSSSSCHDGKSWLHVCVTGDDRNATASIIYNGMLTDSIGSWSNNILRTQESECVCINGTCPVVMTDGSASGRADTRILFIKEGKIVHISQLSGSAQHVEECSCYPRYPEVRCVCRDNWKGSNRPVLNINVADFSIGSGYVCSGLVGDTPRNNDSSSSSNCRDPNNERGAPGVKGWAFDDGSDVWMGRTIKRDLRAGYETFRVIGGWTTANSKSQTNRQVIVDSDNWSGYSGIFSVESKICINRCFYVELIRGRPRETRVWWTSNSIIVFCGTSGTYGTGSWPDGADINFMSI,0.15149029130417765,0.0018755500828816077
A/swine/Liaoning/DL1022/2020,H1N1,2020-01-15,EPI2143525,MEARLLVLFCALTTLNADTICVGYHANNSTDTVDTILEKNVTVTHSVNLLEDSHNGKLCSLNGKIPLQLGNCNVAGWILGNPKCDSLLTASSWSYIIETSNSKDGACYPGEFADYEELKEQLSTVSSFERFEIFPKATSWPNHDTTRGTTVACSHSGANSFYRNLLWIVKKGNSYPKLSRSYTNNKGKEVLVIWGVHHPPTDSDQQTLYQNNHTYVSVGSTKYYKRFTPEIVARPKVREQAGRMNYYWTLLDQGDTITFEATGNLIAPWHAFALKKGSSSGIMRSDAQVHNCTTKCQTPHGALKGNLPFQNVHPVTIGKCPKYVKSTQLRLATGLRNIPSIQSRGLFGAIAGFIEGGWTGMVDGWYGYHHRNEQGSGYAADQKSTQSAIDGISNKVNAVIEKMNIQFTSVGKEFNSLEKRMENLNKKVDDGFLDVWTYNAELLILLENERTLDFHDLNVKNLYEKVKSQLRNNAKEIGNGCFEFYHKCDNECMESIKNGTYNYPKYSEESKLNREEIDGVKLESVGIHQILAIYSTVASSLVLLVSLGAISFWMCSNGSLQCRVCI,EPI2143551,MNPNQKIITIGSICMTIGIASLILQIGNIISIWISHSIQTENQNQSEICNQNVITYENNTWVNQTYVNVSNTNFVAEQTVASVKLAGNSSLCPVSGWAIYSKDNSVRIGSKGDVFVIREPFISCSHLECRTFFLTQGALLNDKHSNGTIKDRSPYRTLMSCPIGEVPSPYNSRFESVAWSASACHDGTSWLTIGISGPDNGAVAVLKYNGIITDTIKSWRKNILRTQESECACVNGSCFTVMTDGPSNGQASYKIFKIEKGKIVKSVELNAPNYHYEECSCYPESSEIICVCRDNWHGSNRPWVSFNQNLEYQIGYICSGIFGDNPRPNDKTGSCGPVFLNGANGVKGFSFKYGNGVWIGRTKSTNSRMGFEMIWDPDGWTRTDDKFSVKQDIIGITDWSGYSGSFVQHPELTGLDCMRPCFWVELIRGRPKENTIWTSGSSISFCGVNSDTVGWSWPDGAELPFIIDK,0.005993037915574036,0.002755166775633041
