index,id,sequence,total_edit_dist
102,A/Khozestan/380/2006|A_/_H1N1|$SEGMENT_NAME|2006-02-12|EPI224689|ACY01441,MNPNQKIITIGSISIAIGIISLMLQIGNIISIWASHSIQTGSQNHTGICNQRIITYENSTWVNHTYVNINNTNVVAGKDKTSVTLAGNSSLCSISGWAIYTKDNSIRIGSKGDVFVIREPFISCSHLECRTFFLTQGALLNDKHSNGTVKDRSPYRALMSCPLGEAPSPYNSKFESVAWSASACHDGMGWLTIGISGPDNGAVAVLKYNGIITETIKSWKKRILRTQESECVCVNGSCFTIMTDGPSNGAASYKIFKIEKGKVTKSIELNAPNFHYEECSCYPDTGTVMCVCRDNWHGSNRPWVSFNQNLDYQIGYICSGVFGDNPRPKDGKGSCNPVTVDGADGVKGFSYKYGNGVWIGRTKSNRLRKGFEMIWDPNGWTDTDSDFSVKQDVVAITDWSGYSGSFVQHPELTGLDCIRPCFWVELVRGLPRENTTIWTSGSSISFCGVDSDTANWSWPDGAELPFTI,571
109,A/Azarbayejan-Sharghi/181/2006|A_/_H1N1|$SEGMENT_NAME|2006-01-18|EPI224558|ACY01433,MNPNQKIITIGSISIAIGIISLMLQIGNIISIWASHSIQTGSQNHTGICNQRIITYENSTWVNHTYVNINNTNVVAGKDKTSVTLAGNSSLCSISGWAIYTKDNSIRIGSKGDVFVIREPFISCSHLECRTFFLTQGALLNDKHSNGTVKDRSPYRALMSCPLGEAPSPYNSKFESVAWSASACHDGMGWLTIGISGPDNGAVAVLKYNGIITETIKSWKKRILRTQESECVCVNGSCFTIMTDGPSNGAASYKIFKIEKGKVTKSIELNAPNFHYEECSCYPDTGTVMCVCRDNWHGSNRPWVSFNQNLDYQIGYICSGVFGDNPRPKDGKGSCNPVTVDGADGVKGFSYKYGNGVWIGRTKSNRLRKGFEMIWDPNGWTDTDSDFSVKQDVVAITDWSGYSGSFVQHPELTGLDCIRPCFWVELVRGLPRENTTIWTSGSSISFCGVDSDTANWSWPDGAELPFTI,571
27,ACY01433.1 |neuraminidase [Influenza A virus (A/Azarbayejan-Sharghi/181/2006(H1N1))],MNPNQKIITIGSISIAIGIISLMLQIGNIISIWASHSIQTGSQNHTGICNQRIITYENSTWVNHTYVNINNTNVVAGKDKTSVTLAGNSSLCSISGWAIYTKDNSIRIGSKGDVFVIREPFISCSHLECRTFFLTQGALLNDKHSNGTVKDRSPYRALMSCPLGEAPSPYNSKFESVAWSASACHDGMGWLTIGISGPDNGAVAVLKYNGIITETIKSWKKRILRTQESECVCVNGSCFTIMTDGPSNGAASYKIFKIEKGKVTKSIELNAPNFHYEECSCYPDTGTVMCVCRDNWHGSNRPWVSFNQNLDYQIGYICSGVFGDNPRPKDGKGSCNPVTVDGADGVKGFSYKYGNGVWIGRTKSNRLRKGFEMIWDPNGWTDTDSDFSVKQDVVAITDWSGYSGSFVQHPELTGLDCIRPCFWVELVRGLPRENTTIWTSGSSISFCGVDSDTANWSWPDGAELPFTI,571
28,ACY01434.1 |neuraminidase [Influenza A virus (A/Gholestan/215/2006(H1N1))],MNPNQKIITIGSISIAIGIISLMLQIGNIISIWASHSIQTGSQNHTGICNQRIITYENSTWVNHTYVNINNTNVVAGKDKTSVTLAGNSSLCSISGWAIYTKDNSIRIGSKGDVFVIREPFISCSHLECRTFFLTQGALLNDKHSNGTVKDRSPYRALMSCPLGEAPSPYNSKFESVAWSASACHDGMGWLTIGISGPDNGAVAVLKYNGIITETIKSWKKRILRTQESECVCVNGSCFTIMTDGPSNGAASYKIFKIEKGKVTKSIELNAPNFHYEECSCYPDTGTVMCVCRDNWHGSNRPWVSFNQNLDYQIGYICSGVFGDNPRPKDGKGSCNPVTVDGADGVKGFSYKYGNGVWIGRTKSNRLRKGFEMIWDPNGWTDTDSDFSVKQDVVAITDWSGYSGSFVQHPELTGLDCIRPCFWVELVRGLPRENTTIWTSGSSISFCGVDSDTANWSWPDGAELPFTI,571
29,ACY01436.1 |neuraminidase [Influenza A virus (A/Khorasan/280/2006(H1N1))],MNPNQKIITIGSISIAIGIISLMLQIGNIISIWASHSIQTGSQNHTGICNQRIITYENSTWVNHTYVNINNTNVVAGKDKTSVTLAGNSSLCSISGWAIYTKDNSIRIGSKGDVFVIREPFISCSHLECRTFFLTQGALLNDKHSNGTVKDRSPYRALMSCPLGEAPSPYNSKFESVAWSASACHDGMGWLTIGISGPDNGAVAVLKYNGIITETIKSWKKRILRTQESECVCVNGSCFTIMTDGPSNGAASYKIFKIEKGKVTKSIELNAPNFHYEECSCYPDTGTVMCVCRDNWHGSNRPWVSFNQNLDYQIGYICSGVFGDNPRPKDGKGSCNPVTVDGADGVKGFSYKYGNGVWIGRTKSNRLRKGFEMIWDPNGWTDTDSDFSVKQDVVAITDWSGYSGSFVQHPELTGLDCIRPCFWVELVRGLPRENTTIWTSGSSISFCGVDSDTANWSWPDGAELPFTI,571
31,ACY01441.1 |neuraminidase [Influenza A virus (A/Khozestan/380/2006(H1N1))],MNPNQKIITIGSISIAIGIISLMLQIGNIISIWASHSIQTGSQNHTGICNQRIITYENSTWVNHTYVNINNTNVVAGKDKTSVTLAGNSSLCSISGWAIYTKDNSIRIGSKGDVFVIREPFISCSHLECRTFFLTQGALLNDKHSNGTVKDRSPYRALMSCPLGEAPSPYNSKFESVAWSASACHDGMGWLTIGISGPDNGAVAVLKYNGIITETIKSWKKRILRTQESECVCVNGSCFTIMTDGPSNGAASYKIFKIEKGKVTKSIELNAPNFHYEECSCYPDTGTVMCVCRDNWHGSNRPWVSFNQNLDYQIGYICSGVFGDNPRPKDGKGSCNPVTVDGADGVKGFSYKYGNGVWIGRTKSNRLRKGFEMIWDPNGWTDTDSDFSVKQDVVAITDWSGYSGSFVQHPELTGLDCIRPCFWVELVRGLPRENTTIWTSGSSISFCGVDSDTANWSWPDGAELPFTI,571
32,ACY01442.1 |neuraminidase [Influenza A virus (A/Khozestan/459/2006(H1N1))],MNPNQKIITIGSISIAIGIISLMLQIGNIISIWASHSIQTGSQNHTGICNQRIITYENSTWVNHTYVNINNTNVVAGKDKTSVTLAGNSSLCSISGWAIYTKDNSIRIGSKGDVFVIREPFISCSHLECRTFFLTQGALLNDKHSNGTVKDRSPYRALMSCPLGEAPSPYNSKFESVAWSASACHDGMGWLTIGISGPDNGAVAVLKYNGIITETIKSWKKRILRTQESECVCVNGSCFTIMTDGPSNGAASYKIFKIEKGKVTKSIELNAPNFHYEECSCYPDTGTVMCVCRDNWHGSNRPWVSFNQNLDYQIGYICSGVFGDNPRPKDGKGSCNPVTVDGADGVKGFSYKYGNGVWIGRTKSNRLRKGFEMIWDPNGWTDTDSDFSVKQDVVAITDWSGYSGSFVQHPELTGLDCIRPCFWVELVRGLPRENTTIWTSGSSISFCGVDSDTANWSWPDGAELPFTI,571
103,A/Khorasan/280/2006|A_/_H1N1|$SEGMENT_NAME|2006-02-02|EPI224685|ACY01436,MNPNQKIITIGSISIAIGIISLMLQIGNIISIWASHSIQTGSQNHTGICNQRIITYENSTWVNHTYVNINNTNVVAGKDKTSVTLAGNSSLCSISGWAIYTKDNSIRIGSKGDVFVIREPFISCSHLECRTFFLTQGALLNDKHSNGTVKDRSPYRALMSCPLGEAPSPYNSKFESVAWSASACHDGMGWLTIGISGPDNGAVAVLKYNGIITETIKSWKKRILRTQESECVCVNGSCFTIMTDGPSNGAASYKIFKIEKGKVTKSIELNAPNFHYEECSCYPDTGTVMCVCRDNWHGSNRPWVSFNQNLDYQIGYICSGVFGDNPRPKDGKGSCNPVTVDGADGVKGFSYKYGNGVWIGRTKSNRLRKGFEMIWDPNGWTDTDSDFSVKQDVVAITDWSGYSGSFVQHPELTGLDCIRPCFWVELVRGLPRENTTIWTSGSSISFCGVDSDTANWSWPDGAELPFTI,571
35,ACI32766.1 |neuraminidase [Influenza A virus (A/Bremen/4/2005(H1N1))],MNPNQKIITIGSISIAIGIISLMLQIGNIISIWASHSIQTGSQNHTGICNQRIITYENSTWVNHTYVNINNTNVVAGKDKTSVTLAGNSSLCSISGWAIYTKDNSIRIGSKGDVFVIREPFISCSHLECRTFFLTQGALLNDKHSNGTVKDRSPYRALMSCPLGEAPSPYNSKFESVAWSASACHDGMGWLTIGISGPDNGAVAVLKYNGIITETIKSWKKRILRTQESECVCVNGSCFTIMTDGPSNGAASYKIFKIEKGKVTKSIELNAPNFHYEECSCYPDTGTVMCVCRDNWHGSNRPWVSFNQNLDYQIGYICSGVFGDNPRPKDGKGSCNPVTVDGADGVKGFSYKYGNGVWIGRTKSNRLRKGFEMIWDPNGWTDTDSDFSVKQDVVAITDWSGYSGSFVQHPELTGLDCIRPCFWVELVRGLPRENTTIWTSGSSISFCGVDSDTANWSWPDGAELPFTI,571
104,A/Khorasan/166/2006|A_/_H1N1|$SEGMENT_NAME|2006-01-07|EPI224684|ACY01430,MNPNQKIITIGSISIAIGIISLMLQIGNIISIWASHSIQTGSQNHTGICNQRIITYENSTWVNHTYVNINNTNVVAGKDKTSVTLAGNSSLCSISGWAIYTKDNSIRIGSKGDVFVIREPFISCSHLECRTFFLTQGALLNDKHSNGTVKDRSPYRALMSCPLGEAPSPYNSKFESVAWSASACHDGMGWLTIGISGPDNGAVAVLKYNGIITETIKSWKKRILRTQESECVCVNGSCFTIMTDGPSNGAASYKIFKIEKGKVTKSIELNAPNFHYEECSCYPDTGTVMCVCRDNWHGSNRPWVSFNQNLDYQIGYICSGVFGDNPRPKDGKGSCNPVTVDGADGVKGFSYKYGNGVWIGRTKSNRLRKGFEMIWDPNGWTDTDSDFSVKQDVVAITDWSGYSGSFVQHPELTGLDCIRPCFWVELVRGLPRENTTIWTSGSSISFCGVDSDTANWSWPDGAELPFTI,571
39,ACI32770.1 |neuraminidase [Influenza A virus (A/Niedersachsen/191/2005(H1N1))],MNPNQKIITIGSISIAIGIISLMLQIGNIISIWASHSIQTGSQNHTGICNQRIITYENSTWVNHTYVNINNTNVVAGKDKTSVTLAGNSSLCSISGWAIYTKDNSIRIGSKGDVFVIREPFISCSHLECRTFFLTQGALLNDKHSNGTVKDRSPYRALMSCPLGEAPSPYNSKFESVAWSASACHDGMGWLTIGISGPDNGAVAVLKYNGIITETIKSWKKRILRTQESECVCVNGSCFTIMTDGPSNGAASYKIFKIEKGKVTKSIELNAPNFHYEECSCYPDTGTVMCVCRDNWHGSNRPWVSFNQNLDYQIGYICSGVFGDNPRPKDGKGSCNPVTVDGADGVKGFSYKYGNGVWIGRTKSNRLRKGFEMIWDPNGWTDTDSDFSVKQDVVAITDWSGYSGSFVQHPELTGLDCIRPCFWVELVRGLPRENTTIWTSGSSISFCGVDSDTANWSWPDGAELPFTI,571
105,A/Gholestan/215/2006|A_/_H1N1|$SEGMENT_NAME|2006-01-23|EPI224637|ACY01434,MNPNQKIITIGSISIAIGIISLMLQIGNIISIWASHSIQTGSQNHTGICNQRIITYENSTWVNHTYVNINNTNVVAGKDKTSVTLAGNSSLCSISGWAIYTKDNSIRIGSKGDVFVIREPFISCSHLECRTFFLTQGALLNDKHSNGTVKDRSPYRALMSCPLGEAPSPYNSKFESVAWSASACHDGMGWLTIGISGPDNGAVAVLKYNGIITETIKSWKKRILRTQESECVCVNGSCFTIMTDGPSNGAASYKIFKIEKGKVTKSIELNAPNFHYEECSCYPDTGTVMCVCRDNWHGSNRPWVSFNQNLDYQIGYICSGVFGDNPRPKDGKGSCNPVTVDGADGVKGFSYKYGNGVWIGRTKSNRLRKGFEMIWDPNGWTDTDSDFSVKQDVVAITDWSGYSGSFVQHPELTGLDCIRPCFWVELVRGLPRENTTIWTSGSSISFCGVDSDTANWSWPDGAELPFTI,571
41,ACI32772.1 |neuraminidase [Influenza A virus (A/Niedersachsen/202/2005(H1N1))],MNPNQKIITIGSISIAIGIISLMLQIGNIISIWASHSIQTGSQNHTGICNQRIITYENSTWVNHTYVNINNTNVVAGKDKTSVTLAGNSSLCSISGWAIYTKDNSIRIGSKGDVFVIREPFISCSHLECRTFFLTQGALLNDKHSNGTVKDRSPYRALMSCPLGEAPSPYNSKFESVAWSASACHDGMGWLTIGISGPDNGAVAVLKYNGIITETIKSWKKRILRTQESECVCVNGSCFTIMTDGPSNGAASYKIFKIEKGKVTKSIELNAPNFHYEECSCYPDTGTVMCVCRDNWHGSNRPWVSFNQNLDYQIGYICSGVFGDNPRPKDGKGSCNPVTVDGADGVKGFSYKYGNGVWIGRTKSNRLRKGFEMIWDPNGWTDTDSDFSVKQDVVAITDWSGYSGSFVQHPELTGLDCIRPCFWVELVRGLPRENTTIWTSGSSISFCGVDSDTANWSWPDGAELPFTI,571
42,ACI32773.1 |neuraminidase [Influenza A virus (A/Niedersachsen/217/2005(H1N1))],MNPNQKIITIGSISIAIGIISLMLQIGNIISIWASHSIQTGSQNHTGICNQRIITYENSTWVNHTYVNINNTNVVAGKDKTSVTLAGNSSLCSISGWAIYTKDNSIRIGSKGDVFVIREPFISCSHLECRTFFLTQGALLNDKHSNGTVKDRSPYRALMSCPLGEAPSPYNSKFESVAWSASACHDGMGWLTIGISGPDNGAVAVLKYNGIITETIKSWKKRILRTQESECVCVNGSCFTIMTDGPSNGAASYKIFKIEKGKVTKSIELNAPNFHYEECSCYPDTGTVMCVCRDNWHGSNRPWVSFNQNLDYQIGYICSGVFGDNPRPKDGKGSCNPVTVDGADGVKGFSYKYGNGVWIGRTKSNRLRKGFEMIWDPNGWTDTDSDFSVKQDVVAITDWSGYSGSFVQHPELTGLDCIRPCFWVELVRGLPRENTTIWTSGSSISFCGVDSDTANWSWPDGAELPFTI,571
43,ACI32774.1 |neuraminidase [Influenza A virus (A/Niedersachsen/218/2005(H1N1))],MNPNQKIITIGSISIAIGIISLMLQIGNIISIWASHSIQTGSQNHTGICNQRIITYENSTWVNHTYVNINNTNVVAGKDKTSVTLAGNSSLCSISGWAIYTKDNSIRIGSKGDVFVIREPFISCSHLECRTFFLTQGALLNDKHSNGTVKDRSPYRALMSCPLGEAPSPYNSKFESVAWSASACHDGMGWLTIGISGPDNGAVAVLKYNGIITETIKSWKKRILRTQESECVCVNGSCFTIMTDGPSNGAASYKIFKIEKGKVTKSIELNAPNFHYEECSCYPDTGTVMCVCRDNWHGSNRPWVSFNQNLDYQIGYICSGVFGDNPRPKDGKGSCNPVTVDGADGVKGFSYKYGNGVWIGRTKSNRLRKGFEMIWDPNGWTDTDSDFSVKQDVVAITDWSGYSGSFVQHPELTGLDCIRPCFWVELVRGLPRENTTIWTSGSSISFCGVDSDTANWSWPDGAELPFTI,571
44,ACI32775.1 |neuraminidase [Influenza A virus (A/Nordrhein-Westfalen/6/2005(H1N1))],MNPNQKIITIGSISIAIGIISLMLQIGNIISIWASHSIQTGSQNHTGICNQRIITYENSTWVNHTYVNINNTNVVAGKDKTSVTLAGNSSLCSISGWAIYTKDNSIRIGSKGDVFVIREPFISCSHLECRTFFLTQGALLNDKHSNGTVKDRSPYRALMSCPLGEAPSPYNSKFESVAWSASACHDGMGWLTIGISGPDNGAVAVLKYNGIITETIKSWKKRILRTQESECVCVNGSCFTIMTDGPSNGAASYKIFKIEKGKVTKSIELNAPNFHYEECSCYPDTGTVMCVCRDNWHGSNRPWVSFNQNLDYQIGYICSGVFGDNPRPKDGKGSCNPVTVDGADGVKGFSYKYGNGVWIGRTKSNRLRKGFEMIWDPNGWTDTDSDFSVKQDVVAITDWSGYSGSFVQHPELTGLDCIRPCFWVELVRGLPRENTTIWTSGSSISFCGVDSDTANWSWPDGAELPFTI,571
47,ACI32778.1 |neuraminidase [Influenza A virus (A/Thueringen/40/2005(H1N1))],MNPNQKIITIGSISIAIGIISLMLQIGNIISIWASHSIQTGSQNHTGICNQRIITYENSTWVNHTYVNINNTNVVAGKDKTSVTLAGNSSLCSISGWAIYTKDNSIRIGSKGDVFVIREPFISCSHLECRTFFLTQGALLNDKHSNGTVKDRSPYRALMSCPLGEAPSPYNSKFESVAWSASACHDGMGWLTIGISGPDNGAVAVLKYNGIITETIKSWKKRILRTQESECVCVNGSCFTIMTDGPSNGAASYKIFKIEKGKVTKSIELNAPNFHYEECSCYPDTGTVMCVCRDNWHGSNRPWVSFNQNLDYQIGYICSGVFGDNPRPKDGKGSCNPVTVDGADGVKGFSYKYGNGVWIGRTKSNRLRKGFEMIWDPNGWTDTDSDFSVKQDVVAITDWSGYSGSFVQHPELTGLDCIRPCFWVELVRGLPRENTTIWTSGSSISFCGVDSDTANWSWPDGAELPFTI,571
48,ACI32779.1 |neuraminidase [Influenza A virus (A/Baden-Wuerttemberg/3/2006(H1N1))],MNPNQKIITIGSISIAIGIISLMLQIGNIISIWASHSIQTGSQNHTGICNQRIITYENSTWVNHTYVNINNTNVVAGKDKTSVTLAGNSSLCSISGWAIYTKDNSIRIGSKGDVFVIREPFISCSHLECRTFFLTQGALLNDKHSNGTVKDRSPYRALMSCPLGEAPSPYNSKFESVAWSASACHDGMGWLTIGISGPDNGAVAVLKYNGIITETIKSWKKRILRTQESECVCVNGSCFTIMTDGPSNGAASYKIFKIEKGKVTKSIELNAPNFHYEECSCYPDTGTVMCVCRDNWHGSNRPWVSFNQNLDYQIGYICSGVFGDNPRPKDGKGSCNPVTVDGADGVKGFSYKYGNGVWIGRTKSNRLRKGFEMIWDPNGWTDTDSDFSVKQDVVAITDWSGYSGSFVQHPELTGLDCIRPCFWVELVRGLPRENTTIWTSGSSISFCGVDSDTANWSWPDGAELPFTI,571
49,ACI32780.1 |neuraminidase [Influenza A virus (A/Baden-Wuerttemberg/4/2006(H1N1))],MNPNQKIITIGSISIAIGIISLMLQIGNIISIWASHSIQTGSQNHTGICNQRIITYENSTWVNHTYVNINNTNVVAGKDKTSVTLAGNSSLCSISGWAIYTKDNSIRIGSKGDVFVIREPFISCSHLECRTFFLTQGALLNDKHSNGTVKDRSPYRALMSCPLGEAPSPYNSKFESVAWSASACHDGMGWLTIGISGPDNGAVAVLKYNGIITETIKSWKKRILRTQESECVCVNGSCFTIMTDGPSNGAASYKIFKIEKGKVTKSIELNAPNFHYEECSCYPDTGTVMCVCRDNWHGSNRPWVSFNQNLDYQIGYICSGVFGDNPRPKDGKGSCNPVTVDGADGVKGFSYKYGNGVWIGRTKSNRLRKGFEMIWDPNGWTDTDSDFSVKQDVVAITDWSGYSGSFVQHPELTGLDCIRPCFWVELVRGLPRENTTIWTSGSSISFCGVDSDTANWSWPDGAELPFTI,571
50,ACI32781.1 |neuraminidase [Influenza A virus (A/Baden-Wuerttemberg/5/2006(H1N1))],MNPNQKIITIGSISIAIGIISLMLQIGNIISIWASHSIQTGSQNHTGICNQRIITYENSTWVNHTYVNINNTNVVAGKDKTSVTLAGNSSLCSISGWAIYTKDNSIRIGSKGDVFVIREPFISCSHLECRTFFLTQGALLNDKHSNGTVKDRSPYRALMSCPLGEAPSPYNSKFESVAWSASACHDGMGWLTIGISGPDNGAVAVLKYNGIITETIKSWKKRILRTQESECVCVNGSCFTIMTDGPSNGAASYKIFKIEKGKVTKSIELNAPNFHYEECSCYPDTGTVMCVCRDNWHGSNRPWVSFNQNLDYQIGYICSGVFGDNPRPKDGKGSCNPVTVDGADGVKGFSYKYGNGVWIGRTKSNRLRKGFEMIWDPNGWTDTDSDFSVKQDVVAITDWSGYSGSFVQHPELTGLDCIRPCFWVELVRGLPRENTTIWTSGSSISFCGVDSDTANWSWPDGAELPFTI,571
25,ACY01431.1 |neuraminidase [Influenza A virus (A/Tehran/171/2006(H1N1))],MNPNQKIITIGSISIAIGIISLMLQIGNIISIWASHSIQTGSQNHTGICNQRIITYENSTWVNHTYVNINNTNVVAGKDKTSVTLAGNSSLCSISGWAIYTKDNSIRIGSKGDVFVIREPFISCSHLECRTFFLTQGALLNDKHSNGTVKDRSPYRALMSCPLGEAPSPYNSKFESVAWSASACHDGMGWLTIGISGPDNGAVAVLKYNGIITETIKSWKKRILRTQESECVCVNGSCFTIMTDGPSNGAASYKIFKIEKGKVTKSIELNAPNFHYEECSCYPDTGTVMCVCRDNWHGSNRPWVSFNQNLDYQIGYICSGVFGDNPRPKDGKGSCNPVTVDGADGVKGFSYKYGNGVWIGRTKSNRLRKGFEMIWDPNGWTDTDSDFSVKQDVVAITDWSGYSGSFVQHPELTGLDCIRPCFWVELVRGLPRENTTIWTSGSSISFCGVDSDTANWSWPDGAELPFTI,571
24,ACY01430.1 |neuraminidase [Influenza A virus (A/Khorasan/166/2006(H1N1))],MNPNQKIITIGSISIAIGIISLMLQIGNIISIWASHSIQTGSQNHTGICNQRIITYENSTWVNHTYVNINNTNVVAGKDKTSVTLAGNSSLCSISGWAIYTKDNSIRIGSKGDVFVIREPFISCSHLECRTFFLTQGALLNDKHSNGTVKDRSPYRALMSCPLGEAPSPYNSKFESVAWSASACHDGMGWLTIGISGPDNGAVAVLKYNGIITETIKSWKKRILRTQESECVCVNGSCFTIMTDGPSNGAASYKIFKIEKGKVTKSIELNAPNFHYEECSCYPDTGTVMCVCRDNWHGSNRPWVSFNQNLDYQIGYICSGVFGDNPRPKDGKGSCNPVTVDGADGVKGFSYKYGNGVWIGRTKSNRLRKGFEMIWDPNGWTDTDSDFSVKQDVVAITDWSGYSGSFVQHPELTGLDCIRPCFWVELVRGLPRENTTIWTSGSSISFCGVDSDTANWSWPDGAELPFTI,571
108,A/Azarbayejan_Sharghi/150/2006|A_/_H1N1|$SEGMENT_NAME|2006-01-10|EPI224559|ACY01427,MNPNQKIITIGSISIAIGIISLMLQIGNIISIWASHSIQTGSQNHTGICNQRIITYENSTWVNHTYVNINNTNVVAGKDKTSVTLAGNSSLCSISGWAIYTKDNSIRIGSKGDVFVIREPFISCSHLECRTFFLTQGALLNDKHSNGTVKDRSPYRALMSCPLGEAPSPYNSKFESVAWSASACHDGMGWLTIGISGPDNGAVAVLKYNGIITETIKSWKKRILRTQESECVCVNGSCFTIMTDGPSNGAASYKIFKIEKGKVTKSIELNAPNFHYEECSCYPDTGTVMCVCRDNWHGSNRPWVSFNQNLDYQIGYICSGVFGDNPRPKDGKGSCNPVTVDGADGVKGFSYKYGNGVWIGRTKSNRLRKGFEMIWDPNGWTDTDSDFSVKQDVVAITDWSGYSGSFVQHPELTGLDCIRPCFWVELVRGLPRENTTIWTSGSSISFCGVDSDTANWSWPDGAELPFTI,571
21,ACY01427.1 |neuraminidase [Influenza A virus (A/Azarbayejan_Sharghi/150/2006(H1N1))],MNPNQKIITIGSISIAIGIISLMLQIGNIISIWASHSIQTGSQNHTGICNQRIITYENSTWVNHTYVNINNTNVVAGKDKTSVTLAGNSSLCSISGWAIYTKDNSIRIGSKGDVFVIREPFISCSHLECRTFFLTQGALLNDKHSNGTVKDRSPYRALMSCPLGEAPSPYNSKFESVAWSASACHDGMGWLTIGISGPDNGAVAVLKYNGIITETIKSWKKRILRTQESECVCVNGSCFTIMTDGPSNGAASYKIFKIEKGKVTKSIELNAPNFHYEECSCYPDTGTVMCVCRDNWHGSNRPWVSFNQNLDYQIGYICSGVFGDNPRPKDGKGSCNPVTVDGADGVKGFSYKYGNGVWIGRTKSNRLRKGFEMIWDPNGWTDTDSDFSVKQDVVAITDWSGYSGSFVQHPELTGLDCIRPCFWVELVRGLPRENTTIWTSGSSISFCGVDSDTANWSWPDGAELPFTI,571
71,ABJ16667.1 |neuraminidase [Influenza A virus (A/South Australia/56/2005(H1N1))],MNPNQKIITIGSISIAIGIISLMLQIGNIISIWASHSIQTGSQNHTGICNQRIITYENSTWVNHTYVNINNTNVVAGKDKTSVTLAGNSSLCSISGWAIYTKDNSIRIGSKGDVFVIREPFISCSHLECRTFFLTQGALLNDKHSNGTVKDRSPYRALMSCPLGEAPSPYNSKFESVAWSASACHDGMGWLTIGISGPDNGAVAVLKYNGIITETIKSWKKRILRTQESECVCVNGSCFTIMTDGPSNGAASYKIFKIEKGKVTKSIELNAPNFHYEECSCYPDTGTVMCVCRDNWHGSNRPWVSFNQNLDYQIGYICSGVFGDNPRPKDGKGSCNPVTVDGADGVKGFSYKYGNGVWIGRTKSNRLRKGFEMIWDPNGWTDTDSDFSVKQDVVAITDWSGYSGSFVQHPELTGLDCIRPCFWVELVRGLPRENTTIWTSGSSISFCGVDSDTANWSWPDGAELPFTI,571
19,ACY01425.1 |neuraminidase [Influenza A virus (A/Yazd/144/2006(H1N1))],MNPNQKIITIGSISIAIGIISLMLQIGNIISIWASHSIQTGSQNHTGICNQRIITYENSTWVNHTYVNINNTNVVAGKDKTSVTLAGNSSLCSISGWAIYTKDNSIRIGSKGDVFVIREPFISCSHLECRTFFLTQGALLNDKHSNGTVKDRSPYRALMSCPLGEAPSPYNSKFESVAWSASACHDGMGWLTIGISGPDNGAVAVLKYNGIITETIKSWKKRILRTQESECVCVNGSCFTIMTDGPSNGAASYKIFKIEKGKVTKSIELNAPNFHYEECSCYPDTGTVMCVCRDNWHGSNRPWVSFNQNLDYQIGYICSGVFGDNPRPKDGKGSCNPVTVDGADGVKGFSYKYGNGVWIGRTKSNRLRKGFEMIWDPNGWTDTDSDFSVKQDVVAITDWSGYSGSFVQHPELTGLDCIRPCFWVELVRGLPRENTTIWTSGSSISFCGVDSDTANWSWPDGAELPFTI,571
100,A/Tehran/171/2006|A_/_H1N1|$SEGMENT_NAME|2006-01-18|EPI224795|ACY01431,MNPNQKIITIGSISIAIGIISLMLQIGNIISIWASHSIQTGSQNHTGICNQRIITYENSTWVNHTYVNINNTNVVAGKDKTSVTLAGNSSLCSISGWAIYTKDNSIRIGSKGDVFVIREPFISCSHLECRTFFLTQGALLNDKHSNGTVKDRSPYRALMSCPLGEAPSPYNSKFESVAWSASACHDGMGWLTIGISGPDNGAVAVLKYNGIITETIKSWKKRILRTQESECVCVNGSCFTIMTDGPSNGAASYKIFKIEKGKVTKSIELNAPNFHYEECSCYPDTGTVMCVCRDNWHGSNRPWVSFNQNLDYQIGYICSGVFGDNPRPKDGKGSCNPVTVDGADGVKGFSYKYGNGVWIGRTKSNRLRKGFEMIWDPNGWTDTDSDFSVKQDVVAITDWSGYSGSFVQHPELTGLDCIRPCFWVELVRGLPRENTTIWTSGSSISFCGVDSDTANWSWPDGAELPFTI,571
101,A/Khozestan/459/2006|A_/_H1N1|$SEGMENT_NAME|2006-02-21|EPI224690|ACY01442,MNPNQKIITIGSISIAIGIISLMLQIGNIISIWASHSIQTGSQNHTGICNQRIITYENSTWVNHTYVNINNTNVVAGKDKTSVTLAGNSSLCSISGWAIYTKDNSIRIGSKGDVFVIREPFISCSHLECRTFFLTQGALLNDKHSNGTVKDRSPYRALMSCPLGEAPSPYNSKFESVAWSASACHDGMGWLTIGISGPDNGAVAVLKYNGIITETIKSWKKRILRTQESECVCVNGSCFTIMTDGPSNGAASYKIFKIEKGKVTKSIELNAPNFHYEECSCYPDTGTVMCVCRDNWHGSNRPWVSFNQNLDYQIGYICSGVFGDNPRPKDGKGSCNPVTVDGADGVKGFSYKYGNGVWIGRTKSNRLRKGFEMIWDPNGWTDTDSDFSVKQDVVAITDWSGYSGSFVQHPELTGLDCIRPCFWVELVRGLPRENTTIWTSGSSISFCGVDSDTANWSWPDGAELPFTI,571
84,A/Zagreb/4622/2006|A_/_H1N1|$SEGMENT_NAME|2006-04-01|EPI509405|,MNPNQKIITIGSISIAIGIISLMLQIGNIISIWASHSIQTGSQNHTGICNQRIITYENSTWVNHTYVNINNTNVVAGKDKTSVTLAGNSSLCSISGWAIYTKDNSIRIGSKGDVFVIREPFISCSHLECRTFFLTQGALLNDKHSNGTVKDRSPYRALMSCPLGEAPSPYNSKFESVAWSASACHDGMGWLTIGISGPDNGAVAVLKYNGIITETIKSWKKRILRTQESECVCVNGSCFTIMTDGPSNGAASYKIFKIEKGKVTKSIELNAPNFHYEECSCYPDTGTVMCVCRDNWHGSNRPWVSFNQNLDYQIGYICSGVFGDNPRPKDGKGSCNPVTVDGADGVKGFSYKYGNGVWIGRTKSNRLRKGFEMIWDPNGWTDTDSDFSVKQDVVAITDWSGYSGSFVQHPELTGLDCIRPCFWVELVRGLPRENTTIWTSGSSISFCGVDSDTANWSWPDGAELPFTI,571
70,ABJ16656.1 |neuraminidase [Influenza A virus (A/South Australia/55/2005(H1N1))],MNPNQKIITIGSISIAIGIISLMLQIGNIISIWASHSIQTGSQNHTGICNQRIITYENSTWVNHTYVNINNTNVVAGKDKTSVTLAGNSSLCSISGWAIYTKDNSIRIGSKGDVFVIREPFISCSHLECRTFFLTQGALLNDKHSNGTVKDRSPYRALMSCPLGEAPSPYNSKFESVAWSASACHDGMGWLTIGISGPDNGAVAVLKYNGIITETIKSWKKRILRTQESECVCVNGSCFTIMTDGPSNGAASYKIFKIEKGKVTKSIELNAPNFHYEECSCYPDTGTVMCVCRDNWHGSNRPWVSFNQNLDYQIGYICSGVFGDNPRPKDGKGSCNPVTVDGADGVKGFSYKYGNGVWIGRTKSNRLRKGFEMIWDPNGWTDTDSDFSVKQDVVAITDWSGYSGSFVQHPELTGLDCIRPCFWVELVRGLPRENTTIWTSGSSISFCGVDSDTANWSWPDGAELPFTI,571
69,ABP49396.1 |neuraminidase [Influenza A virus (A/South Australia/51/2005(H1N1))],MNPNQKIITIGSISIAIGIISLMLQIGNIISIWASHSIQTGSQNHTGICNQRIITYENSTWVNHTYVNINNTNVVAGKDKTSVTLAGNSSLCSISGWAIYTKDNSIRIGSKGDVFVIREPFISCSHLECRTFFLTQGALLNDKHSNGTVKDRSPYRALMSCPLGEAPSPYNSKFESVAWSASACHDGMGWLTIGISGPDNGAVAVLKYNGIITETIKSWKKRILRTQESECVCVNGSCFTIMTDGPSNGAASYKIFKIEKGKVTKSIELNAPNFHYEECSCYPDTGTVMCVCRDNWHGSNRPWVSFNQNLDYQIGYICSGVFGDNPRPKDGKGSCNPVTVDGADGVKGFSYKYGNGVWIGRTKSNRLRKGFEMIWDPNGWTDTDSDFSVKQDVVAITDWSGYSGSFVQHPELTGLDCIRPCFWVELVRGLPRENTTIWTSGSSISFCGVDSDTANWSWPDGAELPFTI,571
73,ABJ16689.1 |neuraminidase [Influenza A virus (A/South Australia/58/2005(H1N1))],MNPNQKIITIGSISIAIGIISLMLQIGNIISIWASHSIQTGSQNHTGICNQRIITYENSTWVNHTYVNINNTNVVAGKDKTSVTLAGNSSLCSISGWAIYTKDNSIRIGSKGDVFVIREPFISCSHLECRTFFLTQGALLNDKHSNGTVKDRSPYRALMSCPLGEAPSPYNSKFESVAWSASACHDGMGWLTIGISGPDNGAVAVLKYNGIITETIKSWKKRILRTQESECVCVNGSCFTIMTDGPSNGAASYKIFKIEKGKVTKSIELNAPNFHYEECSCYPDTGTVMCVCRDNWHGSNRPWVSFNQNLDYQIGYICSGVFGDNPRPKDGKGSCNPVTVDGADGVKGFSYKYGNGVWIGRTKSNRLRKGFEMIWDPNGWTDTDSDFSVKQDVVAITDWSGYSGSFVQHPELTGLDCIRPCFWVELVRGLPRENTTIWTSGSSISFCGVDSDTANWSWPDGAELPFTI,571
98,A/Yazd/144/2006|A_/_H1N1|$SEGMENT_NAME|2006-01-08|EPI224932|ACY01425,MNPNQKIITIGSISIAIGIISLMLQIGNIISIWASHSIQTGSQNHTGICNQRIITYENSTWVNHTYVNINNTNVVAGKDKTSVTLAGNSSLCSISGWAIYTKDNSIRIGSKGDVFVIREPFISCSHLECRTFFLTQGALLNDKHSNGTVKDRSPYRALMSCPLGEAPSPYNSKFESVAWSASACHDGMGWLTIGISGPDNGAVAVLKYNGIITETIKSWKKRILRTQESECVCVNGSCFTIMTDGPSNGAASYKIFKIEKGKVTKSIELNAPNFHYEECSCYPDTGTVMCVCRDNWHGSNRPWVSFNQNLDYQIGYICSGVFGDNPRPKDGKGSCNPVTVDGADGVKGFSYKYGNGVWIGRTKSNRLRKGFEMIWDPNGWTDTDSDFSVKQDVVAITDWSGYSGSFVQHPELTGLDCIRPCFWVELVRGLPRENTTIWTSGSSISFCGVDSDTANWSWPDGAELPFTI,571
81,A/Latvia/1951/2006|A_/_H1N1|$SEGMENT_NAME|2006-02-11|EPI509377|,MNPNQKIITIGSISIAIGIISLMLQIGNIISIWASQSIQTGSQNHTGICNQRIITYENSTWVNHTYVNINNTNVVAGKDKTSVTLAGNSSLCSISGWAIYTKDNSIRIGSKGDVFVIREPFISCSHLECRTFFLTQGALLNDKHSNGTVKDRSPYRALMSCPLGEAPSPYNSKFESVAWSASACHDGMGWLTIGISGPDNGAVAVLKYNGIITETIKSWKKRILRTQESECVCVNGSCFTIMTDGPSNGAASYKIFKIEKGKVTKSIELNAPNFHYEECSCYPDTGTVMCVCRDNWHGSNRPWVSFNQNLDYQIGYICSGVFGDNPRPKDGKGSCNPVTVDGADGVKGFSYKYGNGVWIGRTKSNRLRKGFEMIWDPNGWTDTDSDFSVKQDVVAITDWSGYSGSFVQHPELTGLDCIRPCFWVELVRGLPRENTTIWTSGSSISFCGVDSDTANWSWPDGAELPFTI,696
129,A/Guyane/14/2006|A_/_H1N1|$SEGMENT_NAME|2006-03-30|EPI155164|,MNPNQKIITIGSISIAIGIISLMLQIGNIISIWASQSIQTGSQNHTGICNQRIITYENSTWVNHTYVNINNTNVVAGKDKTSVTLAGNSSLCSISGWAIYTKDNSIRIGSKGDVFVIREPFISCSHLECRTFFLTQGALLNDKHSNGTVKDRSPYRALMSCPLGEAPSPYNSKFESVAWSASACHDGMGWLTIGISGPDNGAVAVLKYNGIITETIKSWKKRILRTQESECVCVNGSCFTIMTDGPSNGAASYKIFKIEKGKVTKSIELNAPNFHYEECSCYPDTGTVMCVCRDNWHGSNRPWVSFNQNLDYQIGYICSGVFGDNPRPKDGKGSCNPVTVDGADGVKGFSYKYGNGVWIGRTKSNRLRKGFEMIWDPNGWTDTDSDFSVKQDVVAITDWSGYSGSFVQHPELTGLDCIRPCFWVELVRGLPRENTTIWTSGSSISFCGVDSDTANWSWPDGAELPFTI,696
75,A/Paris/2149/2006|A_/_H1N1|$SEGMENT_NAME|2006-04-01|EPI509393|,MNPNQKIITIGSISIAIGIISLMLQIGNIISIWASQSIQTGSQNHTGICNQRIITYENSTWVNHTYVNINNTNVVAGKDKTSVTLAGNSSLCSISGWAIYTKDNSIRIGSKGDVFVIREPFISCSHLECRTFFLTQGALLNDKHSNGTVKDRSPYRALMSCPLGEAPSPYNSKFESVAWSASACHDGMGWLTIGISGPDNGAVAVLKYNGIITETIKSWKKRILRTQESECVCVNGSCFTIMTDGPSNGAASYKIFKIEKGKVTKSIELNAPNFHYEECSCYPDTGTVMCVCRDNWHGSNRPWVSFNQNLDYQIGYICSGVFGDNPRPKDGKGSCNPVTVDGADGVKGFSYKYGNGVWIGRTKSNRLRKGFEMIWDPNGWTDTDSDFSVKQDVVAITDWSGYSGSFVQHPELTGLDCIRPCFWVELVRGLPRENTTIWTSGSSISFCGVDSDTANWSWPDGAELPFTI,696
74,A/Paris/566/2005|A_/_H1N1|$SEGMENT_NAME|2005-12-01|EPI509636|,MNPNQKIITIGSISIAIGIISLMLQIGNIISIWASQSIQTGSQNHTGICNQRIITYENSTWVNHTYVNINNTNVVAGKDKTSVTLAGNSSLCSISGWAIYTKDNSIRIGSKGDVFVIREPFISCSHLECRTFFLTQGALLNDKHSNGTVKDRSPYRALMSCPLGEAPSPYNSKFESVAWSASACHDGMGWLTIGISGPDNGAVAVLKYNGIITETIKSWKKRILRTQESECVCVNGSCFTIMTDGPSNGAASYKIFKIEKGKVTKSIELNAPNFHYEECSCYPDTGTVMCVCRDNWHGSNRPWVSFNQNLDYQIGYICSGVFGDNPRPKDGKGSCNPVTVDGADGVKGFSYKYGNGVWIGRTKSNRLRKGFEMIWDPNGWTDTDSDFSVKQDVVAITDWSGYSGSFVQHPELTGLDCIRPCFWVELVRGLPRENTTIWTSGSSISFCGVDSDTANWSWPDGAELPFTI,696
111,A/Azarbayejan-Sharghi/147/2005|A_/_H1N1|$SEGMENT_NAME|2005-12-31|EPI224556|ACY01426,MNPNQKIITIGSISIAIGIISLMLQIGNIISIWASHSIQTGSQNPTGICNQRIITYENSTWVNHTYVNINNTNVVAGKDKTSVTLAGNSSLCSISGWAIYTKDNSIRIGSKGDVFVIREPFISCSHLECRTFFLTQGALLNDKHSNGTVKDRSPYRALMSCPLGEAPSPYNSKFESVAWSASACHDGMGWLTIGISGPDNGAVAVLKYNGIITETIKSWKKRILRTQESECVCVNGSCFTIMTDGPSNGAASYKIFKIEKGKVTKSIELNAPNFHYEECSCYPDTGTVMCVCRDNWHGSNRPWVSFNQNLDYQIGYICSGVFGDNPRPKDGKGSCNPVTVDGADGVKGFSYKYGNGVWIGRTKSNRLRKGFEMIWDPNGWTDTDSDFSVKQDVVAITDWSGYSGSFVQHPELTGLDCIRPCFWVELVRGLPRENTTIWTSGSSISFCGVDSDTANWSWPDGAELPFTI,700
45,ACI32776.1 |neuraminidase [Influenza A virus (A/Rheinland-Pfalz/58/2005(H1N1))],MNPNQKIITIGSISIAIGIISLMLQIGNIISIWASHSIQTGSQNHTGICNQRIITYKNSTWVNHTYVNINNTNVVAGKDKTSVTLAGNSSLCSISGWAIYTKDNSIRIGSKGDVFVIREPFISCSHLECRTFFLTQGALLNDKHSNGTVKDRSPYRALMSCPLGEAPSPYNSKFESVAWSASACHDGMGWLTIGISGPDNGAVAVLKYNGIITETIKSWKKRILRTQESECVCVNGSCFTIMTDGPSNGAASYKIFKIEKGKVTKSIELNAPNFHYEECSCYPDTGTVMCVCRDNWHGSNRPWVSFNQNLDYQIGYICSGVFGDNPRPKDGKGSCNPVTVDGADGVKGFSYKYGNGVWIGRTKSNRLRKGFEMIWDPNGWTDTDSDFSVKQDVVAITDWSGYSGSFVQHPELTGLDCIRPCFWVELVRGLPRENTTIWTSGSSISFCGVDSDTANWSWPDGAELPFTI,700
20,ACY01426.1 |neuraminidase [Influenza A virus (A/Azarbayejan-Sharghi/147/2005(H1N1))],MNPNQKIITIGSISIAIGIISLMLQIGNIISIWASHSIQTGSQNPTGICNQRIITYENSTWVNHTYVNINNTNVVAGKDKTSVTLAGNSSLCSISGWAIYTKDNSIRIGSKGDVFVIREPFISCSHLECRTFFLTQGALLNDKHSNGTVKDRSPYRALMSCPLGEAPSPYNSKFESVAWSASACHDGMGWLTIGISGPDNGAVAVLKYNGIITETIKSWKKRILRTQESECVCVNGSCFTIMTDGPSNGAASYKIFKIEKGKVTKSIELNAPNFHYEECSCYPDTGTVMCVCRDNWHGSNRPWVSFNQNLDYQIGYICSGVFGDNPRPKDGKGSCNPVTVDGADGVKGFSYKYGNGVWIGRTKSNRLRKGFEMIWDPNGWTDTDSDFSVKQDVVAITDWSGYSGSFVQHPELTGLDCIRPCFWVELVRGLPRENTTIWTSGSSISFCGVDSDTANWSWPDGAELPFTI,700
87,A/New_York/1049/2006|A_/_H1N1|$SEGMENT_NAME|2006-03-28|EPI524817|AHL89549,MNPNQKIITIGSISIAIGIISLMLQIGNIISIWASHSIQTGSQNHTGICNQRIITYENSTWVNHTYVNINNTNVVAGKDKTSVTLAGNSSLCSISGWAIYTKDNSIRIGSKGDVFVIREPFISCSHLECRTFFLTQGALLNDKHSNGTVKDRSPYRALMSCPLGEAPSPYNSKFESVAWSASACHDGMGWLTIGISGPDNGAVAVLKYNGIITETIKSWKKRILRTQESECVCVNGSCFTIMTDGPSNGAASYKIFKIEKGKVTKSIELNAPNFHYEECSCYPDTGTVMCVCRDNWHGSNRPWVSFNQHLDYQIGYICSGVFGDNPRPKDGKGSCNPVTVDGADGVKGFSYKYGNGVWIGRTKSNRLRKGFEMIWDPNGWTDTDSDFSVKQDVVAITDWSGYSGSFVQHPELTGLDCIRPCFWVELVRGLPRENTTIWTSGSSISFCGVDSDTANWSWPDGAELPFTI,702
6,AHL89549.1 |neuraminidase [Influenza A virus (A/New York/1049/2006(H1N1))],MNPNQKIITIGSISIAIGIISLMLQIGNIISIWASHSIQTGSQNHTGICNQRIITYENSTWVNHTYVNINNTNVVAGKDKTSVTLAGNSSLCSISGWAIYTKDNSIRIGSKGDVFVIREPFISCSHLECRTFFLTQGALLNDKHSNGTVKDRSPYRALMSCPLGEAPSPYNSKFESVAWSASACHDGMGWLTIGISGPDNGAVAVLKYNGIITETIKSWKKRILRTQESECVCVNGSCFTIMTDGPSNGAASYKIFKIEKGKVTKSIELNAPNFHYEECSCYPDTGTVMCVCRDNWHGSNRPWVSFNQHLDYQIGYICSGVFGDNPRPKDGKGSCNPVTVDGADGVKGFSYKYGNGVWIGRTKSNRLRKGFEMIWDPNGWTDTDSDFSVKQDVVAITDWSGYSGSFVQHPELTGLDCIRPCFWVELVRGLPRENTTIWTSGSSISFCGVDSDTANWSWPDGAELPFTI,702
106,A/Azarbayejan_Sharghi/155/2006|A_/_H1N1|$SEGMENT_NAME|2006-01-10|EPI224561|ACY01429,MNPNQKIITIESISIAIGIISLMLQIGNIISIWASHSIQTGSQNHTGICNQRIITYENSTWVNHTYVNINNTNVVAGKDKTSVTLAGNSSLCSISGWAIYTKDNSIRIGSKGDVFVIREPFISCSHLECRTFFLTQGALLNDKHSNGTVKDRSPYRALMSCPLGEAPSPYNSKFESVAWSASACHDGMGWLTIGISGPDNGAVAVLKYNGIITETIKSWKKRILRTQESECVCVNGSCFTIMTDGPSNGAASYKIFKIEKGKVTKSIELNAPNFHYEECSCYPDTGTVMCVCRDNWHGSNRPWVSFNQNLDYQIGYICSGVFGDNPRPKDGKGSCNPVTVDGADGVKGFSYKYGNGVWIGRTKSNRLRKGFEMIWDPNGWTDTDSDFSVKQDVVAITDWSGYSGSFVQHPELTGLDCIRPCFWVELVRGLPRENTTIWTSGSSISFCGVDSDTANWSWPDGAELPFTI,702
23,ACY01429.1 |neuraminidase [Influenza A virus (A/Azarbayejan_Sharghi/155/2006(H1N1))],MNPNQKIITIESISIAIGIISLMLQIGNIISIWASHSIQTGSQNHTGICNQRIITYENSTWVNHTYVNINNTNVVAGKDKTSVTLAGNSSLCSISGWAIYTKDNSIRIGSKGDVFVIREPFISCSHLECRTFFLTQGALLNDKHSNGTVKDRSPYRALMSCPLGEAPSPYNSKFESVAWSASACHDGMGWLTIGISGPDNGAVAVLKYNGIITETIKSWKKRILRTQESECVCVNGSCFTIMTDGPSNGAASYKIFKIEKGKVTKSIELNAPNFHYEECSCYPDTGTVMCVCRDNWHGSNRPWVSFNQNLDYQIGYICSGVFGDNPRPKDGKGSCNPVTVDGADGVKGFSYKYGNGVWIGRTKSNRLRKGFEMIWDPNGWTDTDSDFSVKQDVVAITDWSGYSGSFVQHPELTGLDCIRPCFWVELVRGLPRENTTIWTSGSSISFCGVDSDTANWSWPDGAELPFTI,702
99,A/Tehran/371/2006|A_/_H1N1|$SEGMENT_NAME|2006-02-15|EPI224796|ACY01440,MNPNQKIITIGSISIAIGIISLMLQIGNIISIWASHSIQTGSQNHTGICNQRIITYENSTWVNHTYVNINNTNVVAGKDKTSVTLAGNSSLCSISGWAIYTKDNSIRIGSKGDVFVIREPFISCSHLECRTFFLTQGALLNDKHSNGTVKDRSPYRALMSCPLGEAPSPYNSKFESVAWSASACHDGMGWLTIGISGPDNGAVAVLKYNGIITETIKSWKKRILRTQESECVCVNGSCFTIMTDGPSNGAASYKIFKIEKGKVTKSIELNAPNFHYEECSCYPDTGTVMCVCRDNWHGSNRPWVSFNQNLDYQIGYICSGVFGDNPRPKDGKGSCNPVTVDGADGVKGFSYKYGNGVWIGRTKSNRLRKGFEMIWDPNGWTDTDSDFSVKQDVVAITDWSGYSGSFVQHPELTGLDCIRPCFWVELVRGLPRENTTIWSSGSSISFCGVDSDTANWSWPDGAELPFTI,702
30,ACY01440.1 |neuraminidase [Influenza A virus (A/Tehran/371/2006(H1N1))],MNPNQKIITIGSISIAIGIISLMLQIGNIISIWASHSIQTGSQNHTGICNQRIITYENSTWVNHTYVNINNTNVVAGKDKTSVTLAGNSSLCSISGWAIYTKDNSIRIGSKGDVFVIREPFISCSHLECRTFFLTQGALLNDKHSNGTVKDRSPYRALMSCPLGEAPSPYNSKFESVAWSASACHDGMGWLTIGISGPDNGAVAVLKYNGIITETIKSWKKRILRTQESECVCVNGSCFTIMTDGPSNGAASYKIFKIEKGKVTKSIELNAPNFHYEECSCYPDTGTVMCVCRDNWHGSNRPWVSFNQNLDYQIGYICSGVFGDNPRPKDGKGSCNPVTVDGADGVKGFSYKYGNGVWIGRTKSNRLRKGFEMIWDPNGWTDTDSDFSVKQDVVAITDWSGYSGSFVQHPELTGLDCIRPCFWVELVRGLPRENTTIWSSGSSISFCGVDSDTANWSWPDGAELPFTI,702
5,"AIY55033.1 |neuraminidase, partial [Influenza A virus (A/Sofia/490/2006(H1N1))]",MNPNQKIITIGSISIAIGIISIMLQIGNIISIWASHSIQTGSQNHTGICNQRIITYENSTWVNHTYVNINNTNVVAGKDKTSVTLAGNSSLCSISGWAIYTKDNSIRIGSKGDVFVIREPFISCSHLECRTFFLTQGALLNDKHSNGTVKDRSPYRALMSCPLGEAPSPYNSKFESVAWSASACHDGMGWLTIGISGPDNGAVAVLKYNGIITETIKSWKKRILRTQESECVCVNGSCFTIMTDGPSNGAASYKIFKIEKGKVTKSIELNAPNFHYEECSCYPDTGTVMCVCRDNWHGSNRPWVSFNQNLDYQIGYICSGVFGDNPRPKDGKGSCNPVTVDGADGVKGFSYKYGNGVWIGRTKSNRLRKGFEMIWDPNGWTDTDSDFSVKQDVVAITDWSGYSGSFVQHPELTGLDCIRPCFWVELVRGLPRENTTIWTSGSSISFCGVDSDTANWSWPDGAELPFTI,704
38,ACI32769.1 |neuraminidase [Influenza A virus (A/Hessen/4/2005(H1N1))],MNPNQKIITIGSISIAIGIISLMLQIGNIISIWASHSIQTGSQNHTGICNQRIITYENSTWVNHTYVNINNTNVVAGKDKISVTLAGNSSLCSISGWAIYTKDNSIRIGSKGDVFVIREPFISCSHLECRTFFLTQGALLNDKHSNGTVKDRSPYRALMSCPLGEAPSPYNSKFESVAWSASACHDGMGWLTIGISGPDNGAVAVLKYNGIITETIKSWKKRILRTQESECVCVNGSCFTIMTDGPSNGAASYKIFKIEKGKVTKSIELNAPNFHYEECSCYPDTGTVMCVCRDNWHGSNRPWVSFNQNLDYQIGYICSGVFGDNPRPKDGKGSCNPVTVDGADGVKGFSYKYGNGVWIGRTKSNRLRKGFEMIWDPNGWTDTDSDFSVKQDVVAITDWSGYSGSFVQHPELTGLDCIRPCFWVELVRGLPRENTTIWTSGSSISFCGVDSDTANWSWPDGAELPFTI,704
33,ACI32764.1 |neuraminidase [Influenza A virus (A/Berlin/18/2005(H1N1))],MNPNQKIITIGSISMAIGIISLMLQIGNIISIWASHSIQTGSQNHTGICNQRIITYENSTWVNHTYVNINNTNVVAGKDKTSVTLAGNSSLCSISGWAIYTKDNSIRIGSKGDVFVIREPFISCSHLECRTFFLTQGALLNDKHSNGTVKDRSPYRALMSCPLGEAPSPYNSKFESVAWSASACHDGMGWLTIGISGPDNGAVAVLKYNGIITETIKSWKKRILRTQESECVCVNGSCFTIMTDGPSNGAASYKIFKIEKGKVTKSIELNAPNFHYEECSCYPDTGTVMCVCRDNWHGSNRPWVSFNQNLDYQIGYICSGVFGDNPRPKDGKGSCNPVTVDGADGVKGFSYKYGNGVWIGRTKSNRLRKGFEMIWDPNGWTDTDSDFSVKQDVVAITDWSGYSGSFVQHPELTGLDCIRPCFWVELVRGLPRENTTIWTSGSSISFCGVDSDTANWSWPDGAELPFTI,704
66,ABU50640.1 |neuraminidase [Influenza A virus (A/Delaware/4/2006(H1N1))],MNPNQKIITIGSISIAIGIISLMLQIGNIISIWASHSIQTGSQNHTGICNQRIITYENSTWVNHTYVSINNTNVVAGKDKTSVTLAGNSSLCSISGWAIYTKDNSIRIGSKGDVFVIREPFISCSHLECRTFFLTQGALLNDKHSNGTVKDRSPYRALMSCPLGEAPSPYNSKFESVAWSASACHDGMGWLTIGISGPDNGAVAVLKYNGIITETIKSWKKRILRTQESECVCVNGSCFTIMTDGPSNGAASYKIFKIEKGKVTKSIELNAPNFHYEECSCYPDTGTVMCVCRDNWHGSNRPWVSFNQNLDYQIGYICSGVFGDNPRPKDGKGSCNPVTVDGADGVKGFSYKYGNGVWIGRTKSNRLRKGFEMIWDPNGWTDTDSDFSVKQDVVAITDWSGYSGSFVQHPELTGLDCIRPCFWVELVRGLPRENTTIWTSGSSISFCGVDSDTANWSWPDGAELPFTI,704
72,ABJ16678.1 |neuraminidase [Influenza A virus (A/South Australia/57/2005(H1N1))],MNPNQKIITIGSISIAIGIISLMLQIGNIISIWASHSIQTGSQNHTGICNQRIITYENSTWVNHTYVNINNTNVVAGKDKTSVTLAGNSSLCSISGWAIYTKDNSIRIGSKGDVFVIREPFISCSHLECRTFFLTQGALLNDKHSNGTVKDRSPYRALMSCPLGEAPSPYNSKFESVAWSASACHDGMGWLTIGISGPDNGAVAVLKYNGIITETIKSWKKRILRTQESECVCVNGSCFTIMTDGPSNGAASYKIFKIEKGKVTKSIELNAPNFHYEECSCYPDTGTVMCVCRDNWHGSNRPWVSFNQNLDYQIGYICSGVFGDNPRPKDGKGSCNPVTVDGADGVKGFSYKYGNGVWIGRTKSNRLRKGFEMIWDPNGWTDTDSDFLVKQDVVAITDWSGYSGSFVQHPELTGLDCIRPCFWVELVRGLPRENTTIWTSGSSISFCGVDSDTANWSWPDGAELPFTI,704
37,ACI32768.1 |neuraminidase [Influenza A virus (A/Hamburg/1/2005(H1N1))],MNPNQKIITIGSISIAIGIISLMSQIGNIISIWASHSIQTGSQNHTGICNQRIITYENSTWVNHTYVNINNTNVVAGKDKTSVTLAGNSSLCSISGWAIYTKDNSIRIGSKGDVFVIREPFISCSHLECRTFFLTQGALLNDKHSNGTVKDRSPYRALMSCPLGEAPSPYNSKFESVAWSASACHDGMGWLTIGISGPDNGAVAVLKYNGIITETIKSWKKRILRTQESECVCVNGSCFTIMTDGPSNGAASYKIFKIEKGKVTKSIELNAPNFHYEECSCYPDTGTVMCVCRDNWHGSNRPWVSFNQNLDYQIGYICSGVFGDNPRPKDGKGSCNPVTVDGADGVKGFSYKYGNGVWIGRTKSNRLRKGFEMIWDPNGWTDTDSDFSVKQDVVAITDWSGYSGSFVQHPELTGLDCIRPCFWVELVRGLPRENTTIWTSGSSISFCGVDSDTANWSWPDGAELPFTI,704
64,ACA33568.1 |neuraminidase [Influenza A virus (A/Georgia/08/2006(H1N1))],MNPNQKIITIGSISIAIGIISLMLQIGNIISIWASHSIQTGSQNHTGICNQRIITYENSTWVNHTYVNINNTNVVAGKDKTSVTLAGNSSLCSISGWAIYTKDNSIRIGSKGDVFVIREPFISCSHLECRTFFLTQGALLNDKHSNGTVKDRSPYRALMSCPLGEAPSPYNSKFESVAWSASACHDGMGWLTIGISGPDNGAVAVLKYNGIITETIKSWKKRILRTQESECVCVNGSCFTIMTDGPSNGAASYKIFKIEKGKVTKSIELNAPNFHYEECSCYPDTGTVMCVCRDNWHGSNRPWVSFNQNLDYQIGYICSGVFGDNPRPKDGKGSCNPVTVDGADGVKGFSYKYGNGVWIGRTKSNKLRKGFEMIWDPNGWTNTDSDFSVKQDVVAITDWSGYSGSFVQHPELTGLDCIRPCFWVELVRGLPRENTTIWTSGSSISFCGVDSDTANWSWPDGAELPFTI,745
0,"AIY55013.1 |neuraminidase, partial [Influenza A virus (A/Sofia/126/2006(H1N1))]",MNPNQKIITIGSISIAIGIISLMLQIGNIISIWASHSIQTGSQNHTGVCNQRIITYENSTWVNHTYVNINNTNVVAGKDKTSVTLAGNSSLCSISGWAIYTKDNSIRIGSKGDVFVIREPFISCSHLECRTFFLTQGALLNDKHSNGTVKDRSPYRALMSCPLGEAPSPYNSKFESVAWSASACHDGMGWLTIGISGPDNGAVAVLKYNGIITETIKSWKKRILRTQESECVCVNGSCFTIMTDGPSNGAASYKIFKIEKGKVTKSIELNAPNFHYEECSCYPDTGTVMCVCRDNWHGSNRPWVSFNQNLDYQIGYICSGVFGDNPRPKDGEGSCNPVTVDGADGVKGFSYKYGNGVWIGRTKSNRLRKGFEMIWDPNGWTDTDSDFSVKQDVVAITDWSGYSGSFVQHPELTGLDCIRPCFWVELVRGLPRENTTIWTSGSSISFCGVNSDTANWSWPDGAELPFTI,777
2,"AIY55021.1 |neuraminidase, partial [Influenza A virus (A/Sofia/218/2006(H1N1))]",MNPNQKIITIGSISIAIGIISLMLQIGNIISIWASHSIQTGSQNHTGVCNQRIITYENSTWVNHTYVNINNTNVVAGKDKTSVTLAGNSSLCSISGWAIYTKDNSIRIGSKGDVFVIREPFISCSHLECRTFFLTQGALLNDKHSNGTVKDRSPYRALMSCPLGEAPSPYNSKFESVAWSASACHDGMGWLTIGISGPDNGAVAVLKYNGIITETIKSWKKRILRTQESECVCVNGSCFTIMTDGPSNGAASYKIFKIEKGKVTKSIELNAPNFHYEECSCYPDTGTVMCVCRDNWHGSNRPWVSFNQNLDYQIGYICSGVFGDNPRPKDGEGSCNPVTVDGADGVKGFSYKYGNGVWIGRTKSNRLRKGFEMIWDPNGWTDTDSDFSVKQDVVAITDWSGYSGSFVQHPELTGLDCIRPCFWVELVRGLPRENTTIWTSGSSISFCGVNSDTANWSWPDGAELPFTI,777
3,"AIY55025.1 |neuraminidase, partial [Influenza A virus (A/Sofia/246/2006(H1N1))]",MNPNQKIITIGSISIAIGIISLMLQIGNIISIWASHSIQTGSQNHTGVCNQRIITYENSTWVNHTYVNINNTNVVAGKDKTSVTLAGNSSLCSISGWAIYTKDNSIRIGSKGDVFVIREPFISCSHLECRTFFLTQGALLNDKHSNGTVKDRSPYRALMSCPLGEAPSPYNSKFESVAWSASACHDGMGWLTIGISGPDNGAVAVLKYNGIITETIKSWKKRILRTQESECVCVNGSCFTIMTDGPSNGAASYKIFKIEKGKVTKSIELNAPNFHYEECSCYPDTGTVMCVCRDNWHGSNRPWVSFNQNLDYQIGYICSGVFGDNPRPKDGEGSCNPVTVDGADGVKGFSYKYGNGVWIGRTKSNRLRKGFEMIWDPNGWTDTDSDFSVKQDVVAITDWSGYSGSFVQHPELTGLDCIRPCFWVELVRGLPRENTTIWTSGSSISFCGVNSDTANWSWPDGAELPFTI,777
96,A/HaNoi/Q177/2006|A_/_H1N1|$SEGMENT_NAME|2006-03-15|EPI357242|AEX34664,MNPNQKIITIGSISIAIGIISLMLQIGNIISIWASHSIQTGSQNHTGICNQRIITYENSTWVNHTYVNINNTNVVAGKDKTSVTLAGNSSLCSISGWAIYTKDNSIRIGSKGDVFVIREPFISCSHLECRTFFLTQGALLNDKHSNGTVKDRSPYRALMSCPLGEAPSPYNSKFESVAWSASACHDGMGWLTIGISGPDNGAVAVLKYNGIITETIKSWKKRILRTQESECVCVNGSCFTIMTDGPSNGAASYKIFKIEKGKVTKSRELNAPNFHYEECSCYPDTGTVMCVCRDNWHGSNRPWVSFNQNLDYQIGYICSGVFGDNPRPKDGKGSCNPVTADGADGVKGFSYKYGNGVWIGRTKSNRLRKGFEMIWDPNGWTDTDSDFSVKQDVVAITDWSGYSGSFVQHPELTGLDCIRPCFWVELVRGLPRENTTIWTSGSSISFCGVDSDTANWSWPDGAELPFTI,780
124,A/Hong_Kong/4899/2005|A_/_H1N1|$SEGMENT_NAME|2005-11-28|EPI157757|,MNPNQKIITIGSISIAIGIISLMLQIGNIISIWASHSIQTGSQNHTGICNQRIITYENSTWVNHTYVNINNTNVVAGKDKTSVTLAGNSSLCSISGWAIYTKDNSIRIGSKGDVFVIREPFISCSHLECRTFFLTQGALLNDKHSNGTVKDRSPYRALMSCPLGEAPSPYNSKFESVAWSASACHDGMGWLTIGISGPDNGAVAVLKYNGIITETIKSWKKRILRTQESECVCVNGSCFTIMTDGPSNGAASYKIFKIEKGKVTKSRELNAPNFHYEECSCYPDTGTVMCVCRDNWHGSNRPWVSFNQNLDYQIGYICSGVFGDNPRPKDGKGSCNPVTADGADGVKGFSYKYGNGVWIGRTKSNRLRKGFEMIWDPNGWTDTDSDFSVKQDVVAITDWSGYSGSFVQHPELTGLDCIRPCFWVELVRGLPRENTTIWTSGSSISFCGVDSDTANWSWPDGAELPFTI,780
10,AEX33905.1 |neuraminidase [Influenza A virus (A/Hanoi/Q137/2006(H1N1))],MNPNQKIITIGSISIAIGIISLMLQIGNIISIWASHSIQTGSQNHTGICNQRIITYENSTWVNHTYVNINNTNVVAGKDKTSVTLAGNSSLCSISGWAIYTKDNSIRIGSKGDVFVIREPFISCSHLECRTFFLTQGALLNDKHSNGTVKDRSPYRALMSCPLGEAPSPYNSKFESVAWSASACHDGMGWLTIGISGPDNGAVAVLKYNGIITETIKSWKKRILRTQESECVCVNGSCFTIMTDGPSNGAASYKIFKIEKGKVTKSRELNAPNFHYEECSCYPDTGTVMCVCRDNWHGSNRPWVSFNQNLDYQIGYICSGVFGDNPRPKDGKGSCNPVTADGADGVKGFSYKYGNGVWIGRTKSNRLRKGFEMIWDPNGWTDTDSDFSVKQDVVAITDWSGYSGSFVQHPELTGLDCIRPCFWVELVRGLPRENTTIWTSGSSISFCGVDSDTANWSWPDGAELPFTI,780
97,A/HaNoi/Q137/2006|A_/_H1N1|$SEGMENT_NAME|2006-03-07|EPI354272|AEX33905,MNPNQKIITIGSISIAIGIISLMLQIGNIISIWASHSIQTGSQNHTGICNQRIITYENSTWVNHTYVNINNTNVVAGKDKTSVTLAGNSSLCSISGWAIYTKDNSIRIGSKGDVFVIREPFISCSHLECRTFFLTQGALLNDKHSNGTVKDRSPYRALMSCPLGEAPSPYNSKFESVAWSASACHDGMGWLTIGISGPDNGAVAVLKYNGIITETIKSWKKRILRTQESECVCVNGSCFTIMTDGPSNGAASYKIFKIEKGKVTKSRELNAPNFHYEECSCYPDTGTVMCVCRDNWHGSNRPWVSFNQNLDYQIGYICSGVFGDNPRPKDGKGSCNPVTADGADGVKGFSYKYGNGVWIGRTKSNRLRKGFEMIWDPNGWTDTDSDFSVKQDVVAITDWSGYSGSFVQHPELTGLDCIRPCFWVELVRGLPRENTTIWTSGSSISFCGVDSDTANWSWPDGAELPFTI,780
11,AEX34664.1 |neuraminidase [Influenza A virus (A/Hanoi/Q177/2006(H1N1))],MNPNQKIITIGSISIAIGIISLMLQIGNIISIWASHSIQTGSQNHTGICNQRIITYENSTWVNHTYVNINNTNVVAGKDKTSVTLAGNSSLCSISGWAIYTKDNSIRIGSKGDVFVIREPFISCSHLECRTFFLTQGALLNDKHSNGTVKDRSPYRALMSCPLGEAPSPYNSKFESVAWSASACHDGMGWLTIGISGPDNGAVAVLKYNGIITETIKSWKKRILRTQESECVCVNGSCFTIMTDGPSNGAASYKIFKIEKGKVTKSRELNAPNFHYEECSCYPDTGTVMCVCRDNWHGSNRPWVSFNQNLDYQIGYICSGVFGDNPRPKDGKGSCNPVTADGADGVKGFSYKYGNGVWIGRTKSNRLRKGFEMIWDPNGWTDTDSDFSVKQDVVAITDWSGYSGSFVQHPELTGLDCIRPCFWVELVRGLPRENTTIWTSGSSISFCGVDSDTANWSWPDGAELPFTI,780
18,AEA92601.1 |neuraminidase [Influenza A virus (A/Hiroshima/2/2005(H1N1))],MNPNQKIITIGSISIAIGIISLMLQIGNIISIWASHSIQTGSQNHTGICNQRIITYENSTWVNHTYVNINNTNVVAGKDKTSVTLAGNSSLCSISGWAIYTKDNSIRIGSKGDVFVIREPFISCSHLECRTFFLTQGALLNDKHSNGTVKDRSPYRALMSCPLGEAPSPYNSKFESVAWSASACHDGMGWLTIGISGPDNGAVAVLKYNGIITETIKSWKKRILRTQESECVCVNGSCFTIMTDGPSNGAASYKIFKIEKGKVTKSVELNAPNFHYEECSCYPDTGTVMCVCRDNWHGSNRPWVSFNQNLDYQIGYICSGVFGDNPRPKDGKGSCNPVTVDGADGVKGFSYKYGNGVWIGRTKSNRLRKGFEMIWDPNGWTDTDSDFSVKQDVVAITDWSGYSGSFVQHPELTGLDCIRPCFWVELVRGLPRENTTIWTSGSSISFCGVDSDTASWSWPDGAELPFTI,816
60,ACJ25102.1 |neuraminidase [Influenza A virus (A/England/514/2006(H1N1))],MNPNQKIITIGSISIAIGIISLMLQIGNIISIWASHSIQTGSQNHTGICNQRIITYENSTWVNHTYVNINNTNVVTGKDKTSVTLAGNSSLCSISGWAIYTKDNSIRIGSKGDVFVIREPFISCSHLECRTFFLTQGALLNDKHSNGTVKDRSPYRALMSCPLGEAPSPYNSKFESVAWSASACHDGMGWLTIGISGPDNGAVAVLKYNGIITETIKSWKKRILRTQESECVCVNGSCFTIMTDGPSNGAASYKIFKIEKGKVTKSIELNAPNFHYEECSCYPDTGTVMCVCRDNWHGSNRPWVSFNQNLDYQIGYICSGVFGDNPRPKDGKGSCNPVTVDGADGVKGFSYKYGNGVWIGRTKSNKLRKGFEMIWDPNGWTDTDSDFSVKQDVVAITDWSGYSGSFVQHPELTGLDCIRPCFWVELVRGLPRENTTIWTSGSSISFCGVDSDTANWSWPDGAELPFTI,823
114,A/England/514/2006|A_/_H1N1|$SEGMENT_NAME|2006-04-10|EPI168095|FJ445081,MNPNQKIITIGSISIAIGIISLMLQIGNIISIWASHSIQTGSQNHTGICNQRIITYENSTWVNHTYVNINNTNVVTGKDKTSVTLAGNSSLCSISGWAIYTKDNSIRIGSKGDVFVIREPFISCSHLECRTFFLTQGALLNDKHSNGTVKDRSPYRALMSCPLGEAPSPYNSKFESVAWSASACHDGMGWLTIGISGPDNGAVAVLKYNGIITETIKSWKKRILRTQESECVCVNGSCFTIMTDGPSNGAASYKIFKIEKGKVTKSIELNAPNFHYEECSCYPDTGTVMCVCRDNWHGSNRPWVSFNQNLDYQIGYICSGVFGDNPRPKDGKGSCNPVTVDGADGVKGFSYKYGNGVWIGRTKSNKLRKGFEMIWDPNGWTDTDSDFSVKQDVVAITDWSGYSGSFVQHPELTGLDCIRPCFWVELVRGLPRENTTIWTSGSSISFCGVDSDTANWSWPDGAELPFTI,823
80,A/Latvia/5078/2006|A_/_H1N1|$SEGMENT_NAME|2006-04-26|EPI509379|,MNPNQKIITIGSISIAIGIISLMLQIGNIISIWASQSIQTGSQNHTGICNQRIITYENSTWVNHTYVNINNTNVVAGKDKTSVTLAGNSSLCSISGWAIYTKDNSIRIGSKGDVFVIREPFISCSHLECRTFFLTQGALLNDKHSNGTVKDRNPYRALMSCPLGEAPSPYNSKFESVAWSASACHDGMGWLTIGISGPDNGAVAVLKYNGIITETIKSWKKRILRTQESECVCVNGSCFTIMTDGPSNGAASYKIFKIEKGKVTKSIELNAPNFHYEECSCYPDTGTVMCVCRDNWHGSNRPWVSFNQNLDYQIGYICSGVFGDNPRPKDGKGSCNPVTVDGADGVKGFSYKYGNGVWIGRTKSNRLRKGFEMIWDPNGWTDTDSDFSVKQDVVAITDWSGYSGSFVQHPELTGLDCIRPCFWVELVRGLPRENTTIWTSGSSISFCGVDSDTANWSWPDGAELPFTI,829
22,ACY01428.1 |neuraminidase [Influenza A virus (A/Azarbayejan_Sharghi/153/2006(H1N1))],MNPNQKIITIGSISIAIGIISLMLQIGNIISIWASHSIQTGSQNNTGICNQRIITYENSTWVNHTYVNINNTNVVAGEDKTSVTLAGNSSLCSISGWAIYTKDNSIRIGSKGDVFVIREPFISCSHLECRTFFLTQGALLNDKHSNGTVKDRSPYRALMSCPLGEAPSPYNSKFESVAWSASACHDGMGWLTIGISGPDNGAVAVLKYNGIITETIKSWKKRILRTQESECVCVNGSCFTIMTDGPSNGAASYKIFKIEKGKVTKSIELNAPNFHYEECSCYPDTGTVMCVCRDNWHGSNRPWVSFNQNLDYQIGYICSGVFGDNPRPKDGKGSCNPVTVDGADGVKGFSYKYGNGVWIGRTKSNRLRKGFEMIWDPNGWTDTDSDFSVKQDVVAITDWSGYSGSFVQHPELTGLDCIRPCFWVELVRGLPRENTTIWTSGSSISFCGVDSDTANWSWPDGAELPFTI,831
107,A/Azarbayejan_Sharghi/153/2006|A_/_H1N1|$SEGMENT_NAME|2006-01-08|EPI224560|ACY01428,MNPNQKIITIGSISIAIGIISLMLQIGNIISIWASHSIQTGSQNNTGICNQRIITYENSTWVNHTYVNINNTNVVAGEDKTSVTLAGNSSLCSISGWAIYTKDNSIRIGSKGDVFVIREPFISCSHLECRTFFLTQGALLNDKHSNGTVKDRSPYRALMSCPLGEAPSPYNSKFESVAWSASACHDGMGWLTIGISGPDNGAVAVLKYNGIITETIKSWKKRILRTQESECVCVNGSCFTIMTDGPSNGAASYKIFKIEKGKVTKSIELNAPNFHYEECSCYPDTGTVMCVCRDNWHGSNRPWVSFNQNLDYQIGYICSGVFGDNPRPKDGKGSCNPVTVDGADGVKGFSYKYGNGVWIGRTKSNRLRKGFEMIWDPNGWTDTDSDFSVKQDVVAITDWSGYSGSFVQHPELTGLDCIRPCFWVELVRGLPRENTTIWTSGSSISFCGVDSDTANWSWPDGAELPFTI,831
110,A/Azarbayejan-Sharghi/179/2006|A_/_H1N1|$SEGMENT_NAME|2006-01-17|EPI224557|ACY01432,MNPNQKIITIGSISIAIGIISLMLQIGNIISIWASHSIQTGNQNHTGICNQRIITYENSTWVNHTYVNINNTNVVAGKDKTSVTLAGNSSLCSISGWAIYTKDNSIRIGSKGDVFVITEPFISCSHLECRTFFLTQGALLNDKHSNGTVKDRSPYRALMSCPLGEAPSPYNSKFESVAWSASACHDGMGWLTIGISGPDNGAVAVLKYNGIITETIKSWKKRILRTQESECVCVNGSCFTIMTDGPSNGAASYKIFKIEKGKVTKSIELNAPNFHYEECSCYPDTGTVMCVCRDNWHGSNRPWVSFNQNLDYQIGYICSGVFGDNPRPKDGKGSCNPVTVDGADGVKGFSYKYGNGVWIGRTKSNRLRKGFEMIWDPNGWTDTDSDFSVKQDVVAITDWSGYSGSFVQHPELTGLDCIRPCFWVELVRGLPRENTTIWTSGSSISFCGVDSDTANWSWPDGAELPFTI,832
26,ACY01432.1 |neuraminidase [Influenza A virus (A/Azarbayejan-Sharghi/179/2006(H1N1))],MNPNQKIITIGSISIAIGIISLMLQIGNIISIWASHSIQTGNQNHTGICNQRIITYENSTWVNHTYVNINNTNVVAGKDKTSVTLAGNSSLCSISGWAIYTKDNSIRIGSKGDVFVITEPFISCSHLECRTFFLTQGALLNDKHSNGTVKDRSPYRALMSCPLGEAPSPYNSKFESVAWSASACHDGMGWLTIGISGPDNGAVAVLKYNGIITETIKSWKKRILRTQESECVCVNGSCFTIMTDGPSNGAASYKIFKIEKGKVTKSIELNAPNFHYEECSCYPDTGTVMCVCRDNWHGSNRPWVSFNQNLDYQIGYICSGVFGDNPRPKDGKGSCNPVTVDGADGVKGFSYKYGNGVWIGRTKSNRLRKGFEMIWDPNGWTDTDSDFSVKQDVVAITDWSGYSGSFVQHPELTGLDCIRPCFWVELVRGLPRENTTIWTSGSSISFCGVDSDTANWSWPDGAELPFTI,832
46,ACI32777.1 |neuraminidase [Influenza A virus (A/Sachsen/14/2005(H1N1))],MNPNQKIITIGSISIAIGIISLMLQIGNIISIWASHSIQTGSQNHTGICNQRIITYKNSTWVNHTYVNINNTNVVAGKDKTSVTLAGNSSLCSISGWAIYTKDNSIRIGSKGDVFVIREPFISCSHLECRTFFLTQGALLNDKHSNGTVKDRSPYRALMSCPLGEAPSPYNSKFESVAWSASACHDGMGWLTIGISGPDNGAVAVLKYNGIITETIKSWKKRILRTQESECVCVNGSCFTIMTDGPSNGAASYKIFKIEKGKVTKSIELNAPNFHYEECSCYPDTGTVMCVCRDNWHGSNRPWVSFNQNLDYQIGYICSGVFGDNPRPKDGKGSCNPVTVDGADGVKGFSYKYGNGVWIGRTKSNRLRKGFEMIWDPNGWTDTDSDFSVKQDVVAITDWSGYSGSFVQHPELTGLDCIRPCFWVELVRGLPRENTTIWTSGSSISFCGVDSDTANWSWPDGAELPFAI,833
40,ACI32771.1 |neuraminidase [Influenza A virus (A/Niedersachsen/192/2005(H1N1))],MNPNQKIITIGSISIAIGIISLMLQIGNIISIWASHSIQTGSQNHTGICNQRIITYKNSTWVNHTYVNINNTNVVAGKGKTSVTLAGNSSLCSISGWAIYTKDNSIRIGSKGDVFVIREPFISCSHLECRTFFLTQGALLNDKHSNGTVKDRSPYRALMSCPLGEAPSPYNSKFESVAWSASACHDGMGWLTIGISGPDNGAVAVLKYNGIITETIKSWKKRILRTQESECVCVNGSCFTIMTDGPSNGAASYKIFKIEKGKVTKSIELNAPNFHYEECSCYPDTGTVMCVCRDNWHGSNRPWVSFNQNLDYQIGYICSGVFGDNPRPKDGKGSCNPVTVDGADGVKGFSYKYGNGVWIGRTKSNRLRKGFEMIWDPNGWTDTDSDFSVKQDVVAITDWSGYSGSFVQHPELTGLDCIRPCFWVELVRGLPRENTTIWTSGSSISFCGVDSDTANWSWPDGAELPFTI,833
36,ACI32767.1 |neuraminidase [Influenza A virus (A/Bremen/5/2005(H1N1))],MNPNQKIITIGSISIAIGIISLMLQIGNIISIWASHSTQTGSQNHTGICNQRIITYENSTWVNHTYVNINNTNVVAGKDKTSVTLAGNSSLCSISGWAIYTKDNSVRIGSKGDVFVIREPFISCSHLECRTFFLTQGALLNDKHSNGTVKDRSPYRALMSCPLGEAPSPYNSKFESVAWSASACHDGMGWLTIGISGPDNGAVAVLKYNGIITETIKSWKKRILRTQESECVCVNGSCFTIMTDGPSNGAASYKIFKIEKGKVTKSIELNAPNFHYEECSCYPDTGTVMCVCRDNWHGSNRPWVSFNQNLDYQIGYICSGVFGDNPRPKDGKGSCNPVTVDGADGVKGFSYKYGNGVWIGRTKSNRLRKGFEMIWDPNGWTDTDSDFSVKQDVVAITDWSGYSGSFVQHPELTGLDCIRPCFWVELVRGLPRENTTIWTSGSSISFCGVDSDTANWSWPDGAELPFTI,837
1,"AIY55017.1 |neuraminidase, partial [Influenza A virus (A/Sofia/179/2006(H1N1))]",MNPNQKIITIGSISIAIGIISLMLQIGNIITIWASHSIQTGSQNHTGVCNQRIITYENSTWVNHTYVNINNTNVVAGKDKTSVTLAGNSSLCSISGWAIYTKDNSIRIGSKGDVFVIREPFISCSHLECRTFFLTQGALLNDKHSNGTVKDRSPYRALMSCPLGEAPSPYNSKFESVAWSASACHDGMGWLTIGISGPDNGAVAVLKYNGIITETIKSWKKRILRTQESECVCVNGSCFTIMTDGPSNGAASYKIFKIEKGKVTKSIELNAPNFHYEECSCYPDTGTVMCVCRDNWHGSNRPWVSFNQNLDYQIGYICSGVFGDNPRPKDGEGSCNPVTVDGADGVKGFSYKYGNGVWIGRTKSNRLRKGFEMIWDPNGWTDTDSDFSVKQDVVAITDWSGYSGSFVQHPELTGLDCIRPCFWVELVRGLPRENTTIWTSGSSISFCGVNSDTANWSWPDGAELPFTI,910
112,A/England/493/2006|A_/_H1N1|$SEGMENT_NAME|2006-04-10|EPI168123|FJ445052,MNPNQKIITIGSISIAIGIISLMLQIGNIISIWASHSIQTGSQNHTGICNQRIITYENSTWVNHTYVNINNTNVVAGKDKTSVTLAGNSSLCSISGWAIYTKDNSIRIGSKGDVFVIREPFISCSHLECRTFFLTQGALLNDKHSNGTVKDRSPYRALMSCPLGEAPSPYNSKFESVAWSASACHDGMGWLTIGISGPDNGAVAVLKYNGIITETIKSWKKRILRTQESECVCVNGSCFTIMTDGPSNGAASYKIFKIEKGKVTKSRELNAPNFHYEECSCYPDTGTVMCVCRDNWHGSNRPWVSFNQNLDYQIGYICSGVFGDNPRPKDGKGSCNPVTADGADGVKGFSYKYGNGVWIGRTKSNRLRKGFEMIWDPNGWTDTDSDFSVKQDVVAITDWSGYSGSFVQHPELTGLDCIRPCFWVELVRGLPRENTTTWTSGSSISFCGVDSDTANWSWPDGAELPFTI,911
62,ACJ25141.1 |neuraminidase [Influenza A virus (A/England/493/2006(H1N1))],MNPNQKIITIGSISIAIGIISLMLQIGNIISIWASHSIQTGSQNHTGICNQRIITYENSTWVNHTYVNINNTNVVAGKDKTSVTLAGNSSLCSISGWAIYTKDNSIRIGSKGDVFVIREPFISCSHLECRTFFLTQGALLNDKHSNGTVKDRSPYRALMSCPLGEAPSPYNSKFESVAWSASACHDGMGWLTIGISGPDNGAVAVLKYNGIITETIKSWKKRILRTQESECVCVNGSCFTIMTDGPSNGAASYKIFKIEKGKVTKSRELNAPNFHYEECSCYPDTGTVMCVCRDNWHGSNRPWVSFNQNLDYQIGYICSGVFGDNPRPKDGKGSCNPVTADGADGVKGFSYKYGNGVWIGRTKSNRLRKGFEMIWDPNGWTDTDSDFSVKQDVVAITDWSGYSGSFVQHPELTGLDCIRPCFWVELVRGLPRENTTTWTSGSSISFCGVDSDTANWSWPDGAELPFTI,911
95,A/HoChiMinh/HCM395/2006|A_/_H1N1|$SEGMENT_NAME|2006-04-28|EPI367445|AEX35178,MNPNQKIITIGSISIAIGIISLMLQIGNIISIWASHSIQTGSQNHTGICNQRIITYENSTWVNHTYVNINNTNVVAGKDKTSVTLAGNSSLCSISGWAIYTKDNSIRIGSKGDVFVIREPFISCSHLECRTFFLTQGALLNDKHSNGTVKDRSPYRALMSCPLGEAPSPYNSKFESVAWSASACHDGMGWLTIGISGPDNGAVAVLKYNGIITETIKSWKERILRTQESECVCVNGSCFTIMTDGPSNGAASYKIFKIEKGKVTKSRELNAPNFHYEECSCYPDTGTVMCVCRDNWHGSNRPWVSFNQNLDYQIGYICSGVFGDNPRPKDGKGSCNPVTADGADGVKGFSYKYGNGVWIGRTKSNRLRKGFEMIWDPNGWTDTDSDFSVKQDVVAITDWSGYSGSFVQHPELTGLDCIRPCFWVELVRGLPRENTTIWTSGSSISFCGVDSDTANWSWPDGAELPFTI,911
12,AEX35178.1 |neuraminidase [Influenza A virus (A/HoChiMinh/HCM395/2006(H1N1))],MNPNQKIITIGSISIAIGIISLMLQIGNIISIWASHSIQTGSQNHTGICNQRIITYENSTWVNHTYVNINNTNVVAGKDKTSVTLAGNSSLCSISGWAIYTKDNSIRIGSKGDVFVIREPFISCSHLECRTFFLTQGALLNDKHSNGTVKDRSPYRALMSCPLGEAPSPYNSKFESVAWSASACHDGMGWLTIGISGPDNGAVAVLKYNGIITETIKSWKERILRTQESECVCVNGSCFTIMTDGPSNGAASYKIFKIEKGKVTKSRELNAPNFHYEECSCYPDTGTVMCVCRDNWHGSNRPWVSFNQNLDYQIGYICSGVFGDNPRPKDGKGSCNPVTADGADGVKGFSYKYGNGVWIGRTKSNRLRKGFEMIWDPNGWTDTDSDFSVKQDVVAITDWSGYSGSFVQHPELTGLDCIRPCFWVELVRGLPRENTTIWTSGSSISFCGVDSDTANWSWPDGAELPFTI,911
125,A/Hong_Kong/29/2006|A_/_H1N1|$SEGMENT_NAME|2006-01-03|EPI157721|,MNPNQKIITIGSISIAIGIISLMLQIGNIISIWASHSIQTGSQNHTGICNQRIITYENSTWVNHTYVNINNTNVVAGKDKTSVTLAGNSSLCSISGWAIYTKDNSIRIGSKGDVFVIREPFISCSHLECRTFFLTQGALLNDKHSNGTVKDRSPYRALMSCPLGEAPSPYNSKFESVAWSASACHDGMGWLTIGISGPDNGAVAVLKYNGIITETIKSWKKRILRTQESECVCVNGSCFTIMTDGPSNGAASYKIFKIEKGKVTKSRELNAPNFHYEECSCYPDIGTVMCVCRDNWHGSNRPWVSFNQNLDYQIGYICSGVFGDNPRPKDGKGSCNPVTADGADGVKGFSYKYGNGVWIGRTKSNRLRKGFEMIWDPNGWTDTDSDFSVKQDVVAITDWSGYSGSFVQHPELTGLDCIRPCFWVELVRGLPRENTTIWTSGSSISFCGVDSDTANWSWPDGAELPFTI,913
116,A/England/494/2006|A_/_H1N1|$SEGMENT_NAME|2006-04-11|EPI168082|FJ445080,MNPNQKIITIGSISIAIGIISLMLQIGNIISIWASHSIQTGSQNHTGICNQRIITYENSTWVNHTYVNINNTHVVTGKDKTSVTLAGNSSLCSISGWAIYTKDNSIRIGSKGDVFVIREPFISCSHLECRTFFLTQGALLNDKHSNGTVKDRSPYRALMSCPLGEAPSPYNSKFESVAWSASACHDGMGWLTIGISGPDNGAVAVLKYNGIITETIKSWKKRILRTQESECVCMNGSCFTIMTDGPSNGAASYKIFKIEKGKVTKSIELNAPNFYYEECSCYPDTGTVMCVCRDNWHGSNRPWVSFNQNLDYQIGYICSGVFGDNPRPKDGKGSCNPVTVDGADGVKGFSYKYGNGVWIGRTKSNRLRKGFEMIWDPNGWTDTDSDFSVKQDVVAITDWSGYSGSFVQHPELTGLDCIRPCFWVELVRGLPRENTTIWTSGSSISFCGVDSDTANWSWPDGAELPFTI,1006
58,ACJ25084.1 |neuraminidase [Influenza A virus (A/England/494/2006(H1N1))],MNPNQKIITIGSISIAIGIISLMLQIGNIISIWASHSIQTGSQNHTGICNQRIITYENSTWVNHTYVNINNTHVVTGKDKTSVTLAGNSSLCSISGWAIYTKDNSIRIGSKGDVFVIREPFISCSHLECRTFFLTQGALLNDKHSNGTVKDRSPYRALMSCPLGEAPSPYNSKFESVAWSASACHDGMGWLTIGISGPDNGAVAVLKYNGIITETIKSWKKRILRTQESECVCMNGSCFTIMTDGPSNGAASYKIFKIEKGKVTKSIELNAPNFYYEECSCYPDTGTVMCVCRDNWHGSNRPWVSFNQNLDYQIGYICSGVFGDNPRPKDGKGSCNPVTVDGADGVKGFSYKYGNGVWIGRTKSNRLRKGFEMIWDPNGWTDTDSDFSVKQDVVAITDWSGYSGSFVQHPELTGLDCIRPCFWVELVRGLPRENTTIWTSGSSISFCGVDSDTANWSWPDGAELPFTI,1006
119,A/Hanoi/Q137/2006|A_/_H1N1|$SEGMENT_NAME|2006-03-07|EPI2918|AB286001,MNPNQKIITIGSISIAIGIISLMLQIGNIISIWASHSIQTGSQNHTGICNQRIITYENSTWVNHTYVNINNTNVVAGKDKTSVTLAGNSSLCSISGWAIYTKDNSIRIGSKGDVFVIREPFISCSHLECRTFFLTQGALLNDKHSNGTVKDRSPYRALMSCPLGEAPSPYNSKFESVAWSASACHDGMGWLTIGISGPDNGAVAVLKYNGIITETIKSWKKRILRTQESECVCVNGSCFTIMTDGPSNGAASYKIFKIEKGKVTKSRELNAPNFHYEECSCYPDTGTVMCVCRDNWHGSNRPWVSFNPNLDYQIGYICSGVVGDNPRPKDGKGSCNPVTADGADGVKGFSYKYGNGVWIGRTKSNRLRKGFEMIWDPNGWTDTDSDFSVKQDVVAITDWSGYSGSFVQHPELTGLDCIRPCFWVELVRGLPRENTTIWTSGSSISFCGVDSDTANWSWPDGAELPFTI,1033
118,A/Hanoi/Q177/2006|A_/_H1N1|$SEGMENT_NAME|2006-03-15|EPI2925|AB286004,MNPNQKIITIGSISIAIGIISLMLQIGNIISIWASHSIQTGSQNHTGICNQRIITYENSTWVNHTYVNINNTNVVAGKDKTSVTLAGNSSLCSISGWAIYTKDNSIRIGSKGDVFVIREPFISCSHLECRTFFLTQGALLNDKHSNGTVKDRSPYRALMSCPLGEAPSPYNSKFESVAWSASACHDGMGWLTIGISGPDNGAVAVLKYNGIITETIKSWKKRILRTQESECVCVNGSCFTIMTDGPSNGAASYKIFKIEKGKVTKSRELNAPNFHYEECSCYPDTGTVMCVCRDNWHGSNRPWVSFNPNLDYQIGYICSGVVGDNPRPKDGKGSCNPVTADGADGVKGFSYKYGNGVWIGRTKSNRLRKGFEMIWDPNGWTDTDSDFSVKQDVVAITDWSGYSGSFVQHPELTGLDCIRPCFWVELVRGLPRENTTIWTSGSSISFCGVDSDTANWSWPDGAELPFTI,1033
67,BAF63120.1 |neuraminidase [Influenza A virus (A/Hanoi/Q137/2006(H1N1))],MNPNQKIITIGSISIAIGIISLMLQIGNIISIWASHSIQTGSQNHTGICNQRIITYENSTWVNHTYVNINNTNVVAGKDKTSVTLAGNSSLCSISGWAIYTKDNSIRIGSKGDVFVIREPFISCSHLECRTFFLTQGALLNDKHSNGTVKDRSPYRALMSCPLGEAPSPYNSKFESVAWSASACHDGMGWLTIGISGPDNGAVAVLKYNGIITETIKSWKKRILRTQESECVCVNGSCFTIMTDGPSNGAASYKIFKIEKGKVTKSRELNAPNFHYEECSCYPDTGTVMCVCRDNWHGSNRPWVSFNPNLDYQIGYICSGVVGDNPRPKDGKGSCNPVTADGADGVKGFSYKYGNGVWIGRTKSNRLRKGFEMIWDPNGWTDTDSDFSVKQDVVAITDWSGYSGSFVQHPELTGLDCIRPCFWVELVRGLPRENTTIWTSGSSISFCGVDSDTANWSWPDGAELPFTI,1033
68,BAF63124.1 |neuraminidase [Influenza A virus (A/Hanoi/Q177/2006(H1N1))],MNPNQKIITIGSISIAIGIISLMLQIGNIISIWASHSIQTGSQNHTGICNQRIITYENSTWVNHTYVNINNTNVVAGKDKTSVTLAGNSSLCSISGWAIYTKDNSIRIGSKGDVFVIREPFISCSHLECRTFFLTQGALLNDKHSNGTVKDRSPYRALMSCPLGEAPSPYNSKFESVAWSASACHDGMGWLTIGISGPDNGAVAVLKYNGIITETIKSWKKRILRTQESECVCVNGSCFTIMTDGPSNGAASYKIFKIEKGKVTKSRELNAPNFHYEECSCYPDTGTVMCVCRDNWHGSNRPWVSFNPNLDYQIGYICSGVVGDNPRPKDGKGSCNPVTADGADGVKGFSYKYGNGVWIGRTKSNRLRKGFEMIWDPNGWTDTDSDFSVKQDVVAITDWSGYSGSFVQHPELTGLDCIRPCFWVELVRGLPRENTTIWTSGSSISFCGVDSDTANWSWPDGAELPFTI,1033
54,ACI32785.1 |neuraminidase [Influenza A virus (A/Brandenburg/1/2006(H1N1))],MNPNQKIITIGSISIAIGIISLMLQIGNIISIWASHSIQTGSQNHTGMCNQRIITYENSTWVNHTYVNINNTNVVAEKDKTSVTLAGNSSLCSISGWAIYTKDNSIRIGSKGDVFVIREPFISCSHLECRTFFLTQGALLNDKHSNGTVKDRSPYRALMSCPLGEAPSPYNSKFESVAWSASACHDGMGWLTIGISGPDNGAVAVLKYNGIITETIKSWKKRILRTQESECVCVNGSCFTIMTDGPSNGAASYKIFKIEKGKVTKSIELNAPNFHYEECSCYPDTGTVMCVCRDNWHGSNRPWVSFNQNLDYQIGYICSGVFGDNPRPKDGKGSCNPVTVDGADGVKGFSYKYGNGVWIGRTKSNRLRKGFEMIWDPNGWADTDSDFSVKQDVVAITDWSGYSGSFVQHPELTGLNCIRPCFWVELVRGLPRENTTIWTSGSSISFCGVDSDTANWSWPDGAELPFTI,1035
34,ACI32765.1 |neuraminidase [Influenza A virus (A/Berlin/60/2005(H1N1))],MNPNQKIITIGSISIAIGIISLMLQIGNIISIWASHSIQTGSQNHTGICNQRIITYENNTWVNHTYVNINNTNVVARKDKTSVTLAGNSSLCSISGWAIYTKDNSIRIGSKGDVFVIREPFISCSHLECRTFFMTQGALLNDKHSNGTVKDRSPYRALMSCPLGEAPSPYNSKFESVAWSASACHDGMGWLTIGISGPDNGAVAVLKYNGIITETIKSWKKRILRTQESECVCVNGSCFTIMTDGPSNGAASYKIFKIEKGKVTKSVELNAPNFHYEECSCYPDTGTVMCVCRDNWHGSNRPWVSFNQNLDYQIGYICSGVFGDNPRPKDGKGSCNPVTVDGADGVKGFSYKYGNGVWIGRTKSNRLRKGFEMIWDPNGWTDTDSDFSVKQDVVAITDWSGYSGSFVQHPELTGLDCIRPCFWVELVRGLPRENTTIWTSGSSISFCGVDSDTANWSWPDGAELPFTI,1044
52,ACI32783.1 |neuraminidase [Influenza A virus (A/Berlin/9/2006(H1N1))],MNPNQKIITIGSISIAIGIISLMLQIGNIISIWASHSIQTGSQNHTGICNQRIITYENSTWVNHTYVNINNTNVVAGKDKTSVTLAGNSSLCSISGWAIYTKDNSIRIGSKGDVFVIREPFISCSHLECRTFFLTQGALLNDKHSNGTVKDRSPYRALMSCPLGEAPSPYNSKFESVAWSASACHDGMGWLTIGISGPDNGAVAVLKYNGIITETIKSWKKQILRTQESECVCVNGSCFTIMTDGPSNGAASYKIFKIEKGKVTKSIELNAPNFHYEECSCYPDTGTVMCVCRDNWHGSNRPWLSFNQNLDYQIGYICSGVIGDNPRPKDGKGSCNPVTVDGADGVKGFSYKYGNGVWIGRTKSNRLRKGFEMIWDPNGWTDTDSDFSVKQDVVAITDWSGYSGSFVQHPELTGLDCIRPCFWVELVRGLPRENTTIWTSGSSISFCGVDGDTANWSWPDGAELPFTI,1067
86,A/Lisbon/94/2005|A_/_H1N1|$SEGMENT_NAME|2005-12-04|EPI509630|,MNPNQKMITIGSISIAIGIISLMLQIGNIISIWASHSIQTGSQNHTGICNQRIITHENNTWVNHTYVNINNTNVVAGKDKTSVTLAGNSSLCSISGWAIYTKDNSIRIGSKGDVFVIREPFISCSHLECRTFFLTQGALLNDKHSNGTVKDRSPYRALMSCPLGEAPSPYNSKFESVAWSASACHDGMGWLTIGISGPDNGAVAVLKYNGIITETIKSWKKRILRTQESECVCVNGSCFTIMTDGPSNGAASYKIFKIEKGKVTKSVELNAPNFHYEECSCYPDTGTVMCVCRDNWHGSNRPWVSFNQNLDYQIGYICSGVFGDNPRPKDGKGSCNPVTVDGADGVKGFSYKYGNGVWIGRTKSNRLRKGFEMIWDPNGWTDTDSDFSVKQDVVAITDWSGYSGSFVQHPELTGLDCIRPCFWVELVRGLPRENTTIWTSGSSISFCGVDSDTANWSWPDGAELPFTI,1072
9,AFJ75061.1 |neuraminidase [Influenza A virus (A/Malaysia/34291/2006(H1N1))],MNPNQKIITIGSISIAIGIISLMLQIGNIISIWASHSIQTGSQNHTGICNQRIITYENSTWVNNTYVNINNTNVVAEKDKTSVTLAGNSSLCSISGWAIYTKDNSIRIGSKGDVFVIREPFISCSHLECRTFFLTQGALLNDKHSNGTVKDRSPYRALMSCPLGEAPSPYNSRFESVAWSASACHDGMGWLTIGISGPDNGAVAVLKYNGIITETIKSWKKRILRTQESECVCMNGSCFTIMTDGPSNGAASYKIFKIEKGKVTKSIELNAPNFHYEECSCYPDTGTVMCVCRDNWHGSNRPWVSFNQNLDYQIGYICSGVFGDNPRPKDGEGSCNPVTVDGADGVKGFSYKYGNGVWIGRTKSNRLRKGFEMIWDPNGWTNTDSDFSVKQDVVAITDWSGYSGSFVQHPELTGLDCIRPCFWVELVRGLPRENTTIWTSGSSISFCGVNSGTANWSWPDGAELPFTI,1077
117,A/Virginia/1e/2006|A_/_H1N1|$SEGMENT_NAME|2006-01-17|EPI122810|EU100488,MNPNQKIITIGSISIAIGIISLMLQIGNIISIWASHSIQTGSQNHTGICNQRIITYENSTWVNHTYVNINNTNVVAGKDKTSVTLAGNSSLCSISGWAIYTKDNSIRIGSKGDVFVIREPFISCSHLECKTFFLTQGALLNDKHSNGTVKDRSPYRALMSCPLGEAPSPYNSKFESVAWSASACHDGMGWLTIGISGPDNGAVAVLKYNGIITGTIKSWKKQILRTQESECVCMNGSCFTIMTDGPSNGAASYKIFKIEKGKVTKSIELNAPNFHYEECSCYPDTGTVMCVCRDNWHGSNRPWVSFNQNLDYQIGYICSGVFGDNPRPKDGEGSCNPVTVDGADGVKGFSYKYGNGVWIGRTKSNRLRKGFEMIWDPNGWTNTDSDFSVKQDVVAITDWSGYSGSFVQHPELTGLDCIRPCFWVELVRGLPRENTTIWTSGSSISFCGVNSDTANWSWPDGAELPFTI,1095
14,ADN92796.1 |neuraminidase [Influenza A virus (A/Taiwan/10393/2005(H1N1))],MNPNQKIITIGSISIAIGIISLMLQIGNIISIWASHSIQTGSQNHTGICNQRIITYENSTWVNNTYVNINNTNVVAEKDKTSVTLAGNSSLCSISGWAIYTKDNSIRIGSKGDVFVIREPFISCSHLECRTFFLTQGALLNDKHSNGTVKDRSPYRALMSCPLGEAPSPYNSRFESVAWSASACHDGMGWLTIGISGPDNGAVAVLKYNGIITETIKSWKKRILRTQESECVCMNGSCFTIMTDGPSNGAASYKIFKIEKGKVTKTIELNAPNFHYEECSCYPDTGTVMCVCRDNWHGSNRPWVSFNQNLDYQIGYICSGVFGDNPRPKDGEGSCNPVTVDGADGVKGFSYKYGNGVWIGRTKSNRLRKGFEMIWDPNGWTNTDSDFSVKQDVVAITDWSGYSGSFVQHPELTGLDCIRPCFWVELVRGLPRENTTIWTSGSSISFCGVNSGTANWSWPDGAELPFTI,1168
94,A/Taiwan/10393/2005|A_/_H1N1|$SEGMENT_NAME|2005-12-28|EPI325396|ADN92796,MNPNQKIITIGSISIAIGIISLMLQIGNIISIWASHSIQTGSQNHTGICNQRIITYENSTWVNNTYVNINNTNVVAEKDKTSVTLAGNSSLCSISGWAIYTKDNSIRIGSKGDVFVIREPFISCSHLECRTFFLTQGALLNDKHSNGTVKDRSPYRALMSCPLGEAPSPYNSRFESVAWSASACHDGMGWLTIGISGPDNGAVAVLKYNGIITETIKSWKKRILRTQESECVCMNGSCFTIMTDGPSNGAASYKIFKIEKGKVTKTIELNAPNFHYEECSCYPDTGTVMCVCRDNWHGSNRPWVSFNQNLDYQIGYICSGVFGDNPRPKDGEGSCNPVTVDGADGVKGFSYKYGNGVWIGRTKSNRLRKGFEMIWDPNGWTNTDSDFSVKQDVVAITDWSGYSGSFVQHPELTGLDCIRPCFWVELVRGLPRENTTIWTSGSSISFCGVNSGTANWSWPDGAELPFTI,1168
4,"AIY55029.1 |neuraminidase, partial [Influenza A virus (A/Sofia/418/2006(H1N1))]",MNPNQKIITIGSISIAIGIISLMLQIGNIISIWASHSIQTGSQNHTGVCNQRITTYENSTWVNHTYVNINNTNVVAGKDKTTMTLAGNSSLCSISGWAIYTKDNSIRIGSKGDVFVIREPFISCSHLECRTFFLTQGALLNDKHSNGTVKDRSPYRALMSCPLGEAPSPYNSKFESVAWSASACHDGMGWLTIGISGPDNGAVAVLKYNGIITETIKSWKKRILRTQESECVCVNGSCFTIMTDGPSNGAASYKIFKIEKGKVTKSIELNAPNFHYEECSCYPDTGTVMCVCRDNWHGSNRPWVSFNQNLDYQIGYICSGVFGDNPRPKDGEGSCNPVTVDGADGVKGFSYKYGNGVWIGRTKSNRLRKGFEMIWDPNGWTDTDSDFSVKQDVVAITDWSGYSGSFVQHPELTGLDCIRPCFWVELVRGLPRENTTIWTSGSSISFCGVNSDTANWSWPDGAELPFTI,1176
51,ACI32782.1 |neuraminidase [Influenza A virus (A/Berlin/6/2006(H1N1))],MNPNQKIITIGSISIAIGIISLMLQIGNIISIWASHSIQTGSQNHTGICNQRIITYENSTWVNHTYVNINNTNVVAGKDKTSVTLAGNSSLCSISGWAIYTKDNSIRIGSKGDVFVIREPFISCSHLECRTFFLTQGALLNDKHSNGTVKDRSPYRALMSCPLGEAPSPYNSKFESVAWSASACHDGMGWLTIGISGPDNGAVAVLKYNGIITGTIKSWKKQILRTQESECVCMNGSCFTIMTDGPSNGAASYKIFKIEKGKATKSIELNAPNFHYEECSCYPDTGTVMCVCRDNWHGSNRPWVSFNQNLDYQIGYICSGVFGDNPRPKDRKGSCNPVTVDGADGVKGFSYKYGNGVWIGRTKSNRLRKGFEMIWDPNGWTNTDSDFSVKQDVVAITDWSGYSGSFVQHPELTGLDCIRPCFWVELVRGLPRENTTIWTSGSSISFCGVNSDTANWSWPDGAELPFTI,1185
65,ACA33574.1 |neuraminidase [Influenza A virus (A/Ohio/04/2006(H1N1))],MNPNQKIITIGSISIAIGIISLMLQIGNIISIWASHSIQTGSQNHTGICNQRIITYENNTWVNHTYVNINNTNVVAGKDKTSVTLAGNSSLCSISGWAIYTKDNSIRIGSKGDVFVIREPFISCSHLECRTFFLTQGALLNDKHSNGTFKDRSPYRALMSCPLGEAPSPYNSKFESVAWSASACHDGKGWLTIGISGPDNGAVAVLKYNGIITETIKSWKKRILRTQESECVCVNGSCFTIMTDGPSNGAASYKIFKIEKGKVTKSIELNAPNFHYEECSCYPDTGTVMCVCRDNWHGSNRPWVSFNQNLDYQIGYICSGVFGDNPRPKDGKGSCSPVTVDGADGVKGFSYKYGNGVWIGRTKSNKLRKGFEMIWDPNGWTDTDSDFSVKQDVVAITDWSGYSGSFVQHPELTGLDCIRPCFWVELVRGLPRENTTIWTSGSSISFCGVDSDTANWSWPDGAELPFTI,1201
134,A/Ohio/04/2006|A_/_H1N1|$SEGMENT_NAME|2006-03-21|EPI133966|,MNPNQKIITIGSISIAIGIISLMLQIGNIISIWASHSIQTGSQNHTGICNQRIITYENNTWVNHTYVNINNTNVVAGKDKTSVTLAGNSSLCSISGWAIYTKDNSIRIGSKGDVFVIREPFISCSHLECRTFFLTQGALLNDKHSNGTFKDRSPYRALMSCPLGEAPSPYNSKFESVAWSASACHDGKGWLTIGISGPDNGAVAVLKYNGIITETIKSWKKRILRTQESECVCVNGSCFTIMTDGPSNGAASYKIFKIEKGKVTKSIELNAPNFHYEECSCYPDTGTVMCVCRDNWHGSNRPWVSFNQNLDYQIGYICSGVFGDNPRPKDGKGSCSPVTVDGADGVKGFSYKYGNGVWIGRTKSNKLRKGFEMIWDPNGWTDTDSDFSVKQDVVAITDWSGYSGSFVQHPELTGLDCIRPCFWVELVRGLPRENTTIWTSGSSISFCGVDSDTANWSWPDGAELPFTI,1201
85,A/Novi_Sad/150/2006|A_/_H1N1|$SEGMENT_NAME|2006-03-17|EPI509390|,MNPNQKIITIGSISIAIGIISLMLQIGNIISIWASHSIQTGSQNHTGTCNQRIITYENNTWVNHTYVNINNTNVVAGKDKTSVTLVGNSSLCSISGWAIYTKDNSIRIGSKGDVFVIREPFISCSHLECRTFFLTQGALLNDKHSNGTVKDRSPYRALMSCPLGEAPSPYNSKFESVAWSASACHDGKGWLTIGISGPDNGAVAVLKYNGIITETIKSWKKRILRTQESECVCVNGSCFTIMTDGPSNGAASYKIFKIEKGKVTKSIELNAPNFHYEECSCYPDTGTVMCVCRDNWHGSNRPWVSFNQNLDYQIGYICSGVFGDNPRPKDGKGSCNPMTVDGADGVKGFSYKYGNGVWIGRTKSNRLRKGFEMIWDPNGWTDTDSDFSVKQDVVAITDWSGYSGSFVQHPELTGLDCIRPCFWVELVRGLPRENTTIWTSGSSISFCGVDSDTANWSWPDGAELPFTI,1201
53,ACI32784.1 |neuraminidase [Influenza A virus (A/Berlin/13/2006(H1N1))],MNPNQKIITIGSISIAIGIISLMLQIGNIISIWASHSIQTGSQNHTGICNQRIITYENSTWVNHTYVNINNTNVVAGKDKTSVTLAGNSSLCSISGWAIYTKDNSIRIGSKGDVFVIREPFISCSHLECRTFFLTQGALLNDKHSNGTVKDRSPYRALMSCPLGEAPSPYNSKFESVAWSASACHDGMGWLTIGISGPDNGAVAVLKYNGIITGTIKSWKKQILRTQESECVCMNGSCFTIMTDGPSNGAASYKIFKIEKGKATKSIELNAPNFHYEECSCYPDTGTVMCVCRDNWHGSNRPWVSFNQNLDYQIGYICSGVFGDNPRPKDREGSCNPVTVDGADGVKGFSYKYGNGVWIGRTKSNRLRKGFEMIWDPNGWTNTDSDFSVKQDVVAITDWSGYSGSFVQHPELTGLDCIRPCFWVELVRGLPRENTTIWTSGSSISFCGVNSDTANWSWPDGAELPFTI,1228
8,AFJ78466.1 |neuraminidase [Influenza A virus (A/Malaysia/33166/2005(H1N1))],MNPNQKIITIGSISIAIGIISLMLQIGNIISIWASHSIQTGSQNHTGICNQRIITYENSTWVNHTYVNINNTNVVAGKDKTSVTLAGNSSLCSISGWAIYTKDNSIRIGSKGDVFVIREPFISCSHLECRTFFLTQGALLNDKHSNGTVKDRSPYRALMSCPLGEAPSPYNSKFESVAWSASACHDGIGWLTIGISGPDNGAVAVLKYNGIITGTIKSWKKQILRTQESECVCINGSCFTIMTDGPSNGAASYKIFKIEKGKVTKSIELNAPNFHYEECSCYPDTGTVMCVCRDNWHGSNRPWVSFNQNLDYQIGYICSGVFGDNPRPKDGEGRCNPVTVDGADGVKGFSYKYGNGVWIGRTKSNRLRKGFEMIWDPNGWTNTDSDFSVKQDVVAITDWSGYSGSFVQHPELTGLDCIRPCFWVELVRGLPRENTTIWTSGSSISFCGVNSDTANWSWPDGAELPFTI,1250
7,AFJ78455.1 |neuraminidase [Influenza A virus (A/Malaysia/33132/2005(H1N1))],MNPNQKIITIGSISIAIGIISLMLQIGNIISIWASHSIQTGSQNHTGICNQRIITYENSTWVNHTYVNINNTNVVAGKDKTSVTLAGNSSLCSISGWAIYTKDNSIRIGSKGDVFVIREPFISCSHLECRTFFLTQGALLNDKHSNGTVKDRSPYRALMSCPLGEAPSPYNSKFESVAWSASACHDGIGWLTIGISGPDNGAVAVLKYNGIITGTIKSWKKQILRTQESECVCINGSCFTIMTDGPSNGAASYKIFKIEKGKVTKSIELNAPNFHYEECSCYPDTGTVMCVCRDNWHGSNRPWVSFNQNLDYQIGYICSGVFGDNPRPKDGEGRCNPVTVDGADGVKGFSYKYGNGVWIGRTKSNRLRKGFEMIWDPNGWTNTDSDFSVKQDVVAITDWSGYSGSFVQHPELTGLDCIRPCFWVELVRGLPRENTTIWTSGSSISFCGVNSDTANWSWPDGAELPFTI,1250
88,A/Malaysia/33166/2005|A_/_H1N1|$SEGMENT_NAME|2005-12-06|EPI373849|AFJ78466,MNPNQKIITIGSISIAIGIISLMLQIGNIISIWASHSIQTGSQNHTGICNQRIITYENSTWVNHTYVNINNTNVVAGKDKTSVTLAGNSSLCSISGWAIYTKDNSIRIGSKGDVFVIREPFISCSHLECRTFFLTQGALLNDKHSNGTVKDRSPYRALMSCPLGEAPSPYNSKFESVAWSASACHDGIGWLTIGISGPDNGAVAVLKYNGIITGTIKSWKKQILRTQESECVCINGSCFTIMTDGPSNGAASYKIFKIEKGKVTKSIELNAPNFHYEECSCYPDTGTVMCVCRDNWHGSNRPWVSFNQNLDYQIGYICSGVFGDNPRPKDGEGRCNPVTVDGADGVKGFSYKYGNGVWIGRTKSNRLRKGFEMIWDPNGWTNTDSDFSVKQDVVAITDWSGYSGSFVQHPELTGLDCIRPCFWVELVRGLPRENTTIWTSGSSISFCGVNSDTANWSWPDGAELPFTI,1250
89,A/Malaysia/33132/2005|A_/_H1N1|$SEGMENT_NAME|2005-11-30|EPI373841|AFJ78455,MNPNQKIITIGSISIAIGIISLMLQIGNIISIWASHSIQTGSQNHTGICNQRIITYENSTWVNHTYVNINNTNVVAGKDKTSVTLAGNSSLCSISGWAIYTKDNSIRIGSKGDVFVIREPFISCSHLECRTFFLTQGALLNDKHSNGTVKDRSPYRALMSCPLGEAPSPYNSKFESVAWSASACHDGIGWLTIGISGPDNGAVAVLKYNGIITGTIKSWKKQILRTQESECVCINGSCFTIMTDGPSNGAASYKIFKIEKGKVTKSIELNAPNFHYEECSCYPDTGTVMCVCRDNWHGSNRPWVSFNQNLDYQIGYICSGVFGDNPRPKDGEGRCNPVTVDGADGVKGFSYKYGNGVWIGRTKSNRLRKGFEMIWDPNGWTNTDSDFSVKQDVVAITDWSGYSGSFVQHPELTGLDCIRPCFWVELVRGLPRENTTIWTSGSSISFCGVNSDTANWSWPDGAELPFTI,1250
122,A/Taiwan/161/2006|A_/_H1N1|$SEGMENT_NAME|2006-03-03|EPI158174|,MNPNQKIITIGSISIAIGIISLMLQIGNIISIWASHSIQTGSQNHTGICNQRIITYENSTWVNHTYVNINNTNVVAGKDKTSVTLAGNSSLCSISGWAIYTKDNSIRIGSKGDVFVIREPFISCSHLECKTFFLTQGALLNDKHSNGTVKDRSPYRALMSCPLGEAPSPYNSKFESVAWSASACHDGMGWLTIGISGPDNGAVAVLKYNGIITGTIKSWKKQILRTQESECVCINGSCFTIMTDGPSNGAASYKIFKIEKGKVTKSIELNAPNFHYEECSCYPDTGTVMCVCRDNWHGSNRPWVSFNQNLDYQIGYICSGVFGDNPRPKDGEGSCNPVTVDGADGVKGFSYKYGNGVWIGRTKSNRLRKGFEMIWDPNGWTNTDSDFSVKQDVVAIIDWSGYSGSFVQHPELTGLDCIRPCFWVELVRGLPRENTTIWTSGSSISFCGVNSDTANWSWPDGAELPFTI,1262
121,A/Taiwan/42/2006|A_/_H1N1|$SEGMENT_NAME|2006-01-28|EPI158178|,MNPNQKIITIGSISIAIGIISLILQIGNIISIWASHSIQTGSQNHTGICNQRIITYENSTWVNNTYVNINNTNVVAEKDKTSVTLAGNSSLCSISGWAIYTKDNSIRIGSKGDVFVIREPFISCSHLECRTFFLTQGALLNDKHSNGTVKDRSPYRALMSCPLGEAPSPYNSRFESVAWSASACHDGMGWLTIGISGPDNGAVAVLKYNGIITETIKSWKKRILRTQESECVCMNGSCFTIMTDGPSNGAASYKIFKIEKGKVTKTIELNAPNFHYEECSCYPDTGTVMCVCRDNWHGSNRPWVSFNQNLDYQIGYICSGVFGDNPRPKDGEGSCNPVTVDGADGVKGFSYKYGNGVWIGRTKSNRLRKGFEMIWDPNGWTNTDSDFSVKQDVVAITDWSGYSGSFVQHPELTGLDCIRPCFWVELVRGLPRENTTIWTSGSSISFCGVNSGTANWSWPDGAELPFTI,1263
126,A/Fukushima/97/2006|A_/_H1N1|$SEGMENT_NAME|2006-01-23|EPI157595|,MNPNQKIITIGSISIAIGIISLILQIGNIISIWASHSIQTGSQNHTGICNQRIITYENSTWVNNTYVNINNTNVVAEKDKTSVTLAGNSSLCSISGWAIYTKDNSIRIGSKGDVFVIREPFISCSHLECRTFFLTQGALLNDKHSNGTVKDRSPYRALMSCPLGEAPSPYNSRFESVAWSASACHDGMGWLTIGISGPDNGAVAVLKYNGIITETIKSWKKRILRTQESECVCMNGSCFTIMTDGPSNGAASYKIFKIEKGKVTKTIELNAPNFHYEECSCYPDTGTVMCVCRDNWHGSNRPWVSFNQNLDYQIGYICSGVFGDNPRPKDGEGSCNPVTVDGADGVKGFSYKYGNGVWIGRTKSNRLRKGFEMIWDPNGWTNTDSDFSVKQDVVAITDWSGYSGSFVQHPELTGLDCIRPCFWVELVRGLPRENTTIWTSGSSISFCGVNSGTANWSWPDGAELPFTI,1263
78,A/Fukushima/141/2006|A_/_H1N1|$SEGMENT_NAME|2006-01-17|EPI509363|,MNPNQKIITIGSISIAIGIISLILQIGNIISIWASHSIQTGSQNHTGICNQRIITYENSTWVNNTYVNINNTNVVAEKDKTSVTLAGNSSLCSISGWAIYTKDNSIRIGSKGDVFVIREPFISCSHLECRTFFLTQGALLNDKHSNGTVKDRSPYRALMSCPLGEAPSPYNSRFESVAWSASACHDGMGWLTIGISGPDNGAVAVLKYNGIITETIKSWKKRILRTQESECVCMNGSCFTIMTDGPSNGAASYKIFKIEKGKVTKTIELNAPNFHYEECSCYPDTGTVMCVCRDNWHGSNRPWVSFNQNLDYQIGYICSGVFGDNPRPKDGEGSCNPVTVDGADGVKGFSYKYGNGVWIGRTKSNRLRKGFEMIWDPNGWTNTDSDFSVKQDVVAITDWSGYSGSFVQHPELTGLDCIRPCFWVELVRGLPRENTTIWTSGSSISFCGVNSGTANWSWPDGAELPFTI,1263
15,ADN92799.1 |neuraminidase [Influenza A virus (A/Taiwan/0586/2006(H1N1))],MNPNQKIITIGSISIAIGIISLILQIGNIISIWASHSIQTGSQNHTGICNQRIITYENSTWVNNTYVNINNTNVVAEKDKTSVTLAGNSSLCSISGWAIYTKDNSIRIGSKGDVFVIREPFISCSHLECRTFFLTQGALLNDKHSNGTVKDRSPYRALMSCPLGEAPSPYNSRFESVAWSASACHDGMGWLTIGISGPDNGAVAVLKYNGIITETIKSWKKRILRTQESECVCMNGSCFTIMTDGPSNGAASYKIFKIEKGKVTKTIELNAPNFHYEECSCYPDTGTVMCVCRDNWHGSNRPWVSFNQNLDYQIGYICSGVFGDNPRPKDGEGSCNPVTVDGADGVKGFSYKYGNGVWIGRTKSNRLRKGFEMIWDPNGWTNTDSDFSVKQDVVAITDWSGYSGSFVQHPELTGLDCIRPCFWVELVRGLPRENTTIWTSGSSISFCGVNSGTANWSWPDGAELPFTI,1263
127,A/Fukushima/141/2006_IVR-146|A_/_H1N1|$SEGMENT_NAME|2006-01-17|EPI155492|,MNPNQKIITIGSISIAIGIISLILQIGNIISIWASHSIQTGSQNHTGICNQRIITYENSTWVNNTYVNINNTNVVAEKDKTSVTLAGNSSLCSISGWAIYTKDNSIRIGSKGDVFVIREPFISCSHLECRTFFLTQGALLNDKHSNGTVKDRSPYRALMSCPLGEAPSPYNSRFESVAWSASACHDGMGWLTIGISGPDNGAVAVLKYNGIITETIKSWKKRILRTQESECVCMNGSCFTIMTDGPSNGAASYKIFKIEKGKVTKTIELNAPNFHYEECSCYPDTGTVMCVCRDNWHGSNRPWVSFNQNLDYQIGYICSGVFGDNPRPKDGEGSCNPVTVDGADGVKGFSYKYGNGVWIGRTKSNRLRKGFEMIWDPNGWTNTDSDFSVKQDVVAITDWSGYSGSFVQHPELTGLDCIRPCFWVELVRGLPRENTTIWTSGSSISFCGVNSGTANWSWPDGAELPFTI,1263
128,A/Fukushima/141/2006|A_/_H1N1|$SEGMENT_NAME|2006-01-17|EPI155235|,MNPNQKIITIGSISIAIGIISLILQIGNIISIWASHSIQTGSQNHTGICNQRIITYENSTWVNNTYVNINNTNVVAEKDKTSVTLAGNSSLCSISGWAIYTKDNSIRIGSKGDVFVIREPFISCSHLECRTFFLTQGALLNDKHSNGTVKDRSPYRALMSCPLGEAPSPYNSRFESVAWSASACHDGMGWLTIGISGPDNGAVAVLKYNGIITETIKSWKKRILRTQESECVCMNGSCFTIMTDGPSNGAASYKIFKIEKGKVTKTIELNAPNFHYEECSCYPDTGTVMCVCRDNWHGSNRPWVSFNQNLDYQIGYICSGVFGDNPRPKDGEGSCNPVTVDGADGVKGFSYKYGNGVWIGRTKSNRLRKGFEMIWDPNGWTNTDSDFSVKQDVVAITDWSGYSGSFVQHPELTGLDCIRPCFWVELVRGLPRENTTIWTSGSSISFCGVNSGTANWSWPDGAELPFTI,1263
79,A/Fukushima/97/2006|A_/_H1N1|$SEGMENT_NAME|2006-01-23|EPI509361|,MNPNQKIITIGSISIAIGIISLILQIGNIISIWASHSIQTGSQNHTGICNQRIITYENSTWVNNTYVNINNTNVVAEKDKTSVTLAGNSSLCSISGWAIYTKDNSIRIGSKGDVFVIREPFISCSHLECRTFFLTQGALLNDKHSNGTVKDRSPYRALMSCPLGEAPSPYNSRFESVAWSASACHDGMGWLTIGISGPDNGAVAVLKYNGIITETIKSWKKRILRTQESECVCMNGSCFTIMTDGPSNGAASYKIFKIEKGKVTKTIELNAPNFHYEECSCYPDTGTVMCVCRDNWHGSNRPWVSFNQNLDYQIGYICSGVFGDNPRPKDGEGSCNPVTVDGADGVKGFSYKYGNGVWIGRTKSNRLRKGFEMIWDPNGWTNTDSDFSVKQDVVAITDWSGYSGSFVQHPELTGLDCIRPCFWVELVRGLPRENTTIWTSGSSISFCGVNSGTANWSWPDGAELPFTI,1263
93,A/Taiwan/0586/2006|A_/_H1N1|$SEGMENT_NAME|2006-02-14|EPI325399|ADN92799,MNPNQKIITIGSISIAIGIISLILQIGNIISIWASHSIQTGSQNHTGICNQRIITYENSTWVNNTYVNINNTNVVAEKDKTSVTLAGNSSLCSISGWAIYTKDNSIRIGSKGDVFVIREPFISCSHLECRTFFLTQGALLNDKHSNGTVKDRSPYRALMSCPLGEAPSPYNSRFESVAWSASACHDGMGWLTIGISGPDNGAVAVLKYNGIITETIKSWKKRILRTQESECVCMNGSCFTIMTDGPSNGAASYKIFKIEKGKVTKTIELNAPNFHYEECSCYPDTGTVMCVCRDNWHGSNRPWVSFNQNLDYQIGYICSGVFGDNPRPKDGEGSCNPVTVDGADGVKGFSYKYGNGVWIGRTKSNRLRKGFEMIWDPNGWTNTDSDFSVKQDVVAITDWSGYSGSFVQHPELTGLDCIRPCFWVELVRGLPRENTTIWTSGSSISFCGVNSGTANWSWPDGAELPFTI,1263
57,ACI32788.1 |neuraminidase [Influenza A virus (A/Rheinland-Pfalz/1/2006(H1N1))],MNPNQKIITIGSISIAIGIISLMLQIGNIISIWASHSIQTGSQNHTGTCNQRIITYENNTWVNHTCVNINNTNVVAGKDKTSVTLVGNSSLCSISGWAIYTKDNSIRIGSKGDVFVIREPFISCSHLECRTFFLTQGALLNDKHSNGTVKDRSPYRALMSCPLGEAPSPYNSKFESVAWSASACHDGKGWLTIGISGPDNGAVAVLKYNGIITETIKSWKKRILRTQESECVCVNGSCFTIMTDGPSNGAASYKIFKIEKGKVTKSIELNAPNFHYEECSCYPDTGTVMCVCRDNWHGSNRPWVSFNQNLDYQIGYICSGVFGDNPRPKDGKGSCNPMTVDGADGVKGFSYKYGNGVWIGRTKSNRLRKGFEMIWDPNGWTDTDSDFSVKQDVVAITDWSGYSGSFVQHPELTGLDCIRPCFWVELVRGLPRENTTIWTSGSSISFCGVDSDTANWSWPDGAELPFTI,1334
131,A/Indonesia/4983/2006|A_/_H1N1|$SEGMENT_NAME|2006-04-06|EPI155124|,MNPNQKIITIGSISIAIGIISLMLQIGNIISIWASHSIQTGSQNHTGICNQRIITYENSTWVNNTYVNINNTNVVAEKDKTSVTLAGNSSLCSISGWAIYTKDNSIRIGSKGDVFVIREPFISCSHLECRTFFLTQGALLNDKHSNGTVKXRSPYRALMSCPLGEAPSPYNSRFESVAWSASACHDGMGWLTIGISGPDNGAVAVLKYNGIITETIKSWKKRILRTQESECVCMNGSCFTIMTDGPSNGAASYKIFKIEKGKVTKSIELNAPNFHYEECSCYPDTGTVMCVCRDNWHGSNRPWVSFNQNLDYQIGYICSGVFGDNPRPKDGEGSCNPVTVDGADGVKGFSYKYGNGVWIGRTKSNRLRKGFEMIWDPNGWTNTDSDFSVKQDVVAITDWSGYSGSFVQHPELTGLDCIRPCFWVELVRGLPRENTTIWTSGSSISFCGVNSGTTNWSWPDGAELPFTI,1341
63,ACI26453.1 |neuraminidase [Influenza A virus (A/St. Petersburg/8/2006(H1N1))],MNPNQKIITIGSISIAIGIISLMLQIGNIISIWASHSIQTGSQNHTGICNQRIITYENSTWVNHTYVNINNTNVVAGKDKTSVTLAGNSSLCSISGWAIYTKDNSIRIGSKGDVFVIREPFISCSHLECKTFFLTQGALLNDKHSNGTVKDRSPYRALMSCPLGEAPSPYNSKFESVAWSASACHDGMGWLTIGISGPDNGAVAVLKYNGIITGTIKSWKKQILRTQESECVCMNGSCFTIMTDGPSNGAASYKIFKIEKGKVTKSIELNAPNFHYEECSCYPDTGTVMCVCRDNWHGSNRPWVSFNQNLDYQIGYICSGVFGDNPRPKDREGSCNPVTIDGADGVKGFSYKYGNGVWIGRTKSNRLRKGFEMIWDPNGWTNTDSDFSVKQDVVAITDWSGYSGSFVQHPELTGLDCIRPCFWVELVRGLPRENTTIWTSGSSISFCGVNSDTANWSWPDGAELPFTI,1343
16,ADN92800.1 |neuraminidase [Influenza A virus (A/Taiwan/2900/2006(H1N1))],MNPNQKIITIGSISIAIGIISLILQIGNIISIWASHSIQTGSQNHTGICNQRIITYENSTWVNNTYVNINNTNVVAEKDKTSVTLAGNSSLCSISGWAIYTKDNSIRIGSKGDVFVIREPFISCSHLECRTFFLTQGALLNDKHSNGTVKDRSPYRALMSCPLGEAPSPYNSRFESVAWSASACHDGMGWLTIGISGPDNGAVAVLKYNGIITETIKSWKKRILRTQESECVCMNGSCFTIVTDGPSNGAASYKIFKIEKGKVTKTIELNAPNFHYEECSCYPDTGTVMCVCRDNWHGSNRPWVSFNQNLDYQIGYICSGVFGDNPRPKDGEGSCNPVTVDGADGVKGFSYKYGNGVWIGRTKSNRLRKGFEMIWDPNGWTNTDSDFSVKQDVVAITDWSGYSGSFVQHPELTGLDCIRPCFWVELVRGLPRENTTIWTSGSSISFCGVNSGTANWSWPDGAELPFTI,1394
92,A/Taiwan/2900/2006|A_/_H1N1|$SEGMENT_NAME|2006-01-13|EPI325400|ADN92800,MNPNQKIITIGSISIAIGIISLILQIGNIISIWASHSIQTGSQNHTGICNQRIITYENSTWVNNTYVNINNTNVVAEKDKTSVTLAGNSSLCSISGWAIYTKDNSIRIGSKGDVFVIREPFISCSHLECRTFFLTQGALLNDKHSNGTVKDRSPYRALMSCPLGEAPSPYNSRFESVAWSASACHDGMGWLTIGISGPDNGAVAVLKYNGIITETIKSWKKRILRTQESECVCMNGSCFTIVTDGPSNGAASYKIFKIEKGKVTKTIELNAPNFHYEECSCYPDTGTVMCVCRDNWHGSNRPWVSFNQNLDYQIGYICSGVFGDNPRPKDGEGSCNPVTVDGADGVKGFSYKYGNGVWIGRTKSNRLRKGFEMIWDPNGWTNTDSDFSVKQDVVAITDWSGYSGSFVQHPELTGLDCIRPCFWVELVRGLPRENTTIWTSGSSISFCGVNSGTANWSWPDGAELPFTI,1394
82,A/YAMAGUCHI/20/2006|A_/_H1N1|$SEGMENT_NAME|2006-01-17|EPI685737|,MNPNQKIITIGSISIAIGIISLILQIGNIISIWASHSIQTGSQNHTGICNQRIITYENSTWVNNTYVNINNTNVVAEKDKTSVTLAGNSSLCSISGWAIYTKDNSIRIGSKGDVFVIREPFISCSHLECRTFFLTQGALLNDKHSNGTVKDRSPYRALMSCPLGEAPSPYNSRFESVAWSASACHDGMGWLTIGISGPDNGAVAVLKYNGIITETIKSWKKRILRTQESECVCMNGSCFTIMTDGPSNGAASYKIFKIEKGKVTKTIELNAPNFHYEECSCYPDTGTVMCVCRDNWHGSNRPWVSFNQNLDYQIGYICSGVFGDNPRPKDGEGSCNPVTVDGADGVKGFSYKYGNGVWIGRTKSNRLRKGFEMIWDPNGWTNTDSDFSVKQDIVAITDWSGYSGSFVQHPELTGLDCIRPCFWVELVRGLPRENTTIWTSGSSISFCGVNSGTANWSWPDGAELPFTI,1394
76,A/Hong_Kong/335/2006|A_/_H1N1|$SEGMENT_NAME|2006-02-16|EPI509371|,MNPNQKIITIGSISIAIGIISLILQIGNIISIWASHSIQTGSQNHTGICNQRIITYENSTWVNNTYVNINNTNVVAEKDKTSVTLAGNSSLCSISGWAIYTKDNSIRIGSKGDVFVIREPFISCSHLECRTFFLTQGALLNDKHSNGTVKDRSPYRALMSCPLGEAPSPYNSRFESVAWSASACHDGMGWLTIGISGPDNGAVAVLKYNGIITETIKSWKKRILRTQESECVCMNGSCFTIMTDGPSNGAASYKIFKIEKGKVTKTIELNAPNFHYEECSCYPDTGTVMCVCRDNWHGSNRPWVSFNQNLDYQIGYICSGVFGDNPRPKDGEGSCNPVTVDGADGLKGFSYKYGNGVWIGRTKSNRLRKGFEMIWDPNGWTNTDSDFSVKQDVVAITDWSGYSGSFVQHPELTGLDCIRPCFWVELVRGLPRENTTIWTSGSSISFCGVNSGTANWSWPDGAELPFTI,1396
77,A/Egypt/39/2005|A_/_H1N1|$SEGMENT_NAME|2005-11-25|EPI509622|,MNPNQKIITIGSISITIGIISLMLQIGNIISIWASHSIQTGSQNHTGICNQRIITYENNTWVNHTYVNINNTNVVAGKDKTSVTLAGNSSLCSISGWAIYTKDNSIRIGSKGDVFVTREPFISCSHLECRTFFLTQGALLNDKHSNGTVKDRSPYRALMSCPLGEAPSPYNSKFESVAWSASACHDGMGWLTIGISGPDNGAVAVLKYNGIITETIKSWKKRILRTQESECVCMNGSCFTIMTDGPSNGAASYKIFKIEKGKVTKSIELNAPSFHYEECSCYPDTGTVMCVCRDNWHGSNRPWVSFNQNLDYQIGYICSGVFGDNPRPKDGEGSCNPVNVDGADGVKGFSYKYGNGVWIGRTKSNRLRKGFEMIWDPNGWTNTDSDFSVKQDVVAITDWSGYSGSFVQHPELTGLDCIRPCFWVELVRGLPRENTTIWTSGSSISFCGVNSDTANWSWPDGAELPFTI,1409
130,A/Indonesia/5629/2006|A_/_H1N1|$SEGMENT_NAME|2006-04-18|EPI155126|,MNPNQKIITIGSISIAIGIISLMLQIGNIISIWASHSIQTGSQNHTGICNQRIITYENSTWVNNTYVNINNTNVVAEKDKTSVTLAGNSSLCSISGWAIYTKDNSIRIGSKGDVFVIREPFISCSHLECRTFFLTQGALLNDKHSNGTVKDRSPYRALMSCPLGEAPSPYNSRFESVAWSASACHDGMGWLTIGISGPDNGAVAVLKYNGIITETIKSWKKRILRTQESECVCMNGSCFTIMTDGPNNGAASYKIFKIEKGKVTKSIELNAPNFHYEECSCYPDTGTVMCVCRDNWHGSNRPWVSFNQNLDYQIGYICSGVFGDNPRPKDGEGSCNPVTVDGADGVKGFSYKYGNGVWIGRTKSNRLRKGFEMIWDPNGWTNTDSDFSVKQDVVAITDWSGYSGSFVQHPELTGLDCIRPCFWVELVRGLPRENTTIWTNGSSISFCGVNSGTTNWSWPDGAELPFTI,1474
133,A/Indonesia/3208/2006|A_/_H1N1|$SEGMENT_NAME|2006-03-03|EPI155105|,MNPNQKIITIGSISIAIGIISLMLQIGNIISIWASHSIQTGCQNHTGICNQRIITYENSTWVNNTYVNINNTNVVAEKDKTSVTLAGNSSLCSISGWAIYTKDNSIRIGSKGDVFVIREPFISCSHLECRTFFLTQGALLNDKHSNGTVKDRSPYRALMSCPLGEAPSPNNSRFESVAWSASACHDGMGWLTIGISGPDNGAVAVLKYNGIITETIKSWKKRILRTQESECVCMNGSCFTIMTDGPSNGAASYKIFKIEKGKVTKSIGLNAPNFHYEECSCYPDTGTVMCVCRDNWHGSNRPWVSFNQNLDYQIGYICSGVFGDNPRPKDGEGSCNPVTVDGADGVKGFSYKYGNGVWIGRTKSNRLRKGFEMIWDPNGWTNTDSDFSVKQDVVAITDWSGYSGSFVQHPELTGLDCIRPCFWVELVRGLPRENTTIWTSGSSISFCGVNSGTANWSWPDGAELPFTI,1474
113,A/England/593/2006|A_/_H1N1|$SEGMENT_NAME|2006-03-24|EPI168101|FJ445058,MNPNQKIITIGSISIAIGIISLMLQIGNIISIWASHSIQTGSQNHTGICNQRIITYENSTWVNHTYVNINNTNVVAGKDKTSVTLAGNSSLCSISGWAIYTKDNSIRIGSKGDVFVIREPFISCSHLECRTFFLTQGALLNDKHSNGTVKDRSPYRALMSCPLGEAPSPYNSKFESVAWSASACHDGMGWLTIGISGPDNGAVAVLKYNGIITGTIKSWKKQILRTQESECVCMNGSCFTIMTDGPSNRAASYKIFKIKKGKVTKSIELNAPNFHYEECSCYPDTGIVMCVCRDNWHGSNRPWVSFNQNLDYQIGYICSGVFGDNPRPKDGEGSCNPVTVDGADGVKGFSYKYDNGVWIGRTKSNRLRKGFEMIWDPNGWTNTDSDFSVKQDVVAITDWSGYSGSFVQHPELTGLDCIRPCFWVELVRGLPRENTTIWTSGSSISFCGVNSDTANWSWPDGAELPFTI,1476
132,A/Indonesia/2389/2006|A_/_H1N1|$SEGMENT_NAME|2006-02-22|EPI155108|,MNPNQKIITIGSISIAIGIISLMLQIGNIISIWASHSIQTGSQNHTGICNQRIITYENSTWVNNTYVNINNTNVVAEKDKTSVTLAGNSSLCSISGWAIYTKDNSIRIGSKGDVFVIREPFISCSHLECRTFFLTQGALLNDKHSNGTVKDRSPYRALMSCPLGEAPSPYNSRFESVAWSASACHDGMGWLTIGISGPDNGAVAVLKYNGIITETIKSWKKRILRTQESECVCMNGSCFTIMTDGPSNGAASYKIFKIEKGRVTKSIELNAPNFHYEECSCYPDTGTVMCVCRDNWHGSNRPWVSFNQNLDYQIGYICSGVFGDNPRPKDGEGSCNPVTVDGADGVKGFXYKYGTGVWIGRTKSNRLRKGFEMIWDPNGWTNTDSDFSVKQDVVAITDWSGYSGSFVQHPELTGLDCIRPCFWVELVRGLPRENTTIWTSGSSISFCGVNSGTANWSWPDGAELPFTI,1476
61,ACJ25111.1 |neuraminidase [Influenza A virus (A/England/593/2006(H1N1))],MNPNQKIITIGSISIAIGIISLMLQIGNIISIWASHSIQTGSQNHTGICNQRIITYENSTWVNHTYVNINNTNVVAGKDKTSVTLAGNSSLCSISGWAIYTKDNSIRIGSKGDVFVIREPFISCSHLECRTFFLTQGALLNDKHSNGTVKDRSPYRALMSCPLGEAPSPYNSKFESVAWSASACHDGMGWLTIGISGPDNGAVAVLKYNGIITGTIKSWKKQILRTQESECVCMNGSCFTIMTDGPSNRAASYKIFKIKKGKVTKSIELNAPNFHYEECSCYPDTGIVMCVCRDNWHGSNRPWVSFNQNLDYQIGYICSGVFGDNPRPKDGEGSCNPVTVDGADGVKGFSYKYDNGVWIGRTKSNRLRKGFEMIWDPNGWTNTDSDFSVKQDVVAITDWSGYSGSFVQHPELTGLDCIRPCFWVELVRGLPRENTTIWTSGSSISFCGVNSDTANWSWPDGAELPFTI,1476
83,A/KITAKYUSYU/10/2006|A_/_H1N1|$SEGMENT_NAME|2006-02-17|EPI685739|,MNPNQKIITIGSISIAIGIISLILQIGNIISIWASHSIQTGSQNHTGICNQRIITYENSTWVNNTYVNINNTNVVAEKDKTSVTLAGNSSLCSISGWAIYTKDNSIRIGSKGDVFVIREPFISCSHLECRTFFLTQGALLNDKHSNGTVKDRSPYRALMSCPLGEAPSPYNSRFESVAWSASACHDGMGWLTIGISGPDNGAVAVLKYNGIITETIKSWKKRILRTQESECVCMNGSCFTIMTDGPSNGAASYKIFKIEKGKVTKTIELNAPNFYYEECSCYPDTGTVMCVCRDNWHGSNRPWVSFNQNLDYQIGYICSGVFGDNPRPKDGEGSCNPVTVDGADGVKGFSYKYGNGVWIGRTKSNRLRKGFEMIWDPNGWTNTDSDFSVKQDIVAITDWSGYSGSFVQHPELTGLDCIRPCFWVELVRGLPRENTTIWTSGSSISFCGVNSGTANWSWPDGAELPFTI,1519
120,A/Taiwan/421/2006|A_/_H1N1|$SEGMENT_NAME|2006-04-12|EPI158182|,MNPNQKIITIGSISIAIGIISLILQIGNIISIWASHSIQTGSQNHTGICNQRIITYENSTWVNNTYVNINNTNVVAEKDKTSVTLAGNSSLCSISGWAIYTKDNSIRIGSKGDVFVIREPFISCSHLECRTFFLTQGALLNDKHSNGTVKDRSPYRALMSCPLGEAPSPYNSRFESVAWSASACHDGMGWLTIGISGPDNGAVAVLKYNGIITETIKSWKKRILRTQESECVCMNGSCFTIMTDGPSNGAASYKIFKIEKGKVTKTIELNAPNFHYEECSCYPDTGTVMCVCRDNWHGSNRPWVSFNQNLDYQLGYICSGVFGDNPRPKDGEGSCNPVTVDGADGVKGFSYKYGNGVWIGRTKSNRLRKGFEMIWDPNGWANTDSDFSVKQDVVAITDWSGYSGSFVQHPELTGLDCIRPCFWVELVRGLPRENTTIWTSGSSISFCGVNSGTANWSWPDGAELPFTI,1519
17,ADN92801.1 |neuraminidase [Influenza A virus (A/Taiwan/5505/2006(H1N1))],MNPNQKIITIGSISIAIGIISLILQIGNIISIWASHSIQTGSQNHTGICNQRIITYENSTWVNNTYVNINNTNVVAEKDKTSVTLAGNSSLCSISGWAIYTKDNSIRIGSKGDVFVIREPFISCSHLECRTFFLTQGALLNDKHSNGTVKDRSPYRALMSCPLGEAPSPYNSRFESVAWSASACHDGMGWLTIGISGPDNGAVAVLKYNGIITETIKSWKKRILRTQESECVCMNGSCFTIMTDGPSNGAASYKIFKIEKGKVTKTIELNAPNFHYEECSCYPDTGTVMCVCRDNWHGSNRPWVSFNQNLDYQLGYICSGVFGDNPRPKDGEGSCNPVTVDGADGVKGFSYKYGNGVWIGRTKSNRLRKGFEMIWDPNGWANTDSDFSVKQDVVAITDWSGYSGSFVQHPELTGLDCIRPCFWVELVRGLPRENTTIWTSGSSISFCGVNSGTANWSWPDGAELPFTI,1519
91,A/Taiwan/5505/2006|A_/_H1N1|$SEGMENT_NAME|2006-01-04|EPI325401|ADN92801,MNPNQKIITIGSISIAIGIISLILQIGNIISIWASHSIQTGSQNHTGICNQRIITYENSTWVNNTYVNINNTNVVAEKDKTSVTLAGNSSLCSISGWAIYTKDNSIRIGSKGDVFVIREPFISCSHLECRTFFLTQGALLNDKHSNGTVKDRSPYRALMSCPLGEAPSPYNSRFESVAWSASACHDGMGWLTIGISGPDNGAVAVLKYNGIITETIKSWKKRILRTQESECVCMNGSCFTIMTDGPSNGAASYKIFKIEKGKVTKTIELNAPNFHYEECSCYPDTGTVMCVCRDNWHGSNRPWVSFNQNLDYQLGYICSGVFGDNPRPKDGEGSCNPVTVDGADGVKGFSYKYGNGVWIGRTKSNRLRKGFEMIWDPNGWANTDSDFSVKQDVVAITDWSGYSGSFVQHPELTGLDCIRPCFWVELVRGLPRENTTIWTSGSSISFCGVNSGTANWSWPDGAELPFTI,1519
55,ACI32786.1 |neuraminidase [Influenza A virus (A/Niedersachsen/4/2006(H1N1))],MNPNQKIITIGSISIAIGIISLILQIGNIISIWASHSIQTGSQNHTGICNQRIITYENSTWVNNTYVNINNTNVVAEKDKTSVTLAGNSSLCSISGWAIYTKDNSIRIGSKGDVFVIREPFISCSHLECRTFFLTQGALLNDKHSNGTVKDRSPYRALMSCPLGEAPSPYNSRFESVAWSASACHDGMGWLTIGISGPDNGAVAVLKYNGIITETIKSWKKRILRTQESECVCMNGSCFTIMTDGPSNGAASYKIFKIEKGKVTKTIELNAPNFHYEECSCYPDTGTVMCVCRDNWHGSNRPWVSFNQNLDYQIGYICSGVFGDNPRPKDGEGSCNPVTVDGADGVKGFSYKYGNGVWIGRTKSNRLRKGFEMIWDPNGWTNTDSDFSVKQDVVAITDWSGYSGSFVQHPELTGLDCIRPCFWVELVRGLPRENTTIWTSGSSISFCGVNGGTADWSWPDGAELPFTI,1522
56,ACI32787.1 |neuraminidase [Influenza A virus (A/Niedersachsen/5/2006(H1N1))],MNPNQKIITIGSISIAIGIISLILQIGNIISIWASHSIQTGSQNHTGICNQRIITYENSTWVNNTYVNINNTNVVAEKDKTSVTLAGNSSLCSISGWAIYTKDNSIRIGSKGDVFVIREPFISCSHLECRTFFLTQGALLNDKHSNGTVKDRSPYRALMSCPLGEAPSPYNSRFESVAWSASACHDGMGWLTIGISGPDNGAVAVLKYNGIITETIKSWKKRILRTQESECVCMNGSCFTIMTDGPSNGAASYKIFKIEKGKVTKTIELNAPNFHYEECSCYPDTGTVMCVCRDNWHGSNRPWVSFNQNLDYQIGYICSGVFGDNPRPKDGEGSCNPVTVDGADGVKGFSYKYGNGVWIGRTKSNRLRKGFEMIWDPNGWTNTDSDFSVKQDVVAITDWSGYSGSFVQHPELTGLDCIRPCFWVELVRGLPRENTTIWTSGSSISFCGVNGGTADWSWPDGAELPFTI,1522
13,AET84451.1 |neuraminidase [Influenza A virus (A/Philippines/WRAIR1736P/2006(H1N1))],MNPNQKIITIGSISIAIGIISLILQIGNIISIWASHSIQTGSQNHTGICNQRIITYENSTWVNNTYVNINNTNVVAEKDKTSVTLAGNSSLCSISGWAIYTKDNSIRIGSKGDVFVIREPFISCSHLECRTFFLTKGALLNDKHSNGTVTDRSPYRALMSCPLGEAPSPYNSRFESVAWSASACHDGMGWLTIGISGPDNGAVAVLKYNGIITETIKSWKKRILRTQESECVCMNGSCFTIMTDGPSNGAASYKIFKIEKGKVTKTIELNAPNFHYEECSCYPDTGTVMCVCRDNWHGSNRPWVSFNQNLDYQIGYICSGVFGDNPRPKDGEGSCNPVTVDGADGVKGFSYKYGNGVWIGRTKSNRLRKGFEMIWDPNGWTNTDSDFSVKQDVVAITDWSGYSGSFVQHPELTGLDCIRPCFWVELVRGLPRENTTIWTSGSSISFCGVNSGTANWSWPDGAELPFTI,1525
90,A/Philippines/WRAIR1736P/2006|A_/_H1N1|$SEGMENT_NAME|2006-01-01|EPI342664|AET84451,MNPNQKIITIGSISIAIGIISLILQIGNIISIWASHSIQTGSQNHTGICNQRIITYENSTWVNNTYVNINNTNVVAEKDKTSVTLAGNSSLCSISGWAIYTKDNSIRIGSKGDVFVIREPFISCSHLECRTFFLTKGALLNDKHSNGTVTDRSPYRALMSCPLGEAPSPYNSRFESVAWSASACHDGMGWLTIGISGPDNGAVAVLKYNGIITETIKSWKKRILRTQESECVCMNGSCFTIMTDGPSNGAASYKIFKIEKGKVTKTIELNAPNFHYEECSCYPDTGTVMCVCRDNWHGSNRPWVSFNQNLDYQIGYICSGVFGDNPRPKDGEGSCNPVTVDGADGVKGFSYKYGNGVWIGRTKSNRLRKGFEMIWDPNGWTNTDSDFSVKQDVVAITDWSGYSGSFVQHPELTGLDCIRPCFWVELVRGLPRENTTIWTSGSSISFCGVNSGTANWSWPDGAELPFTI,1525
59,ACJ25093.1 |neuraminidase [Influenza A virus (A/England/594/2006(H1N1))],MNPNQKIITIGSISIAIGIISLMLQIGNIISIWASHSIQTGSQNHTGICNQRIITYENSTWVNHTYVNINNTNVVAGKDKTSVTLAGNSSLCSISGWAIYTKDNSIRIGSKGDVFVIREPFISCSHLECRTFFLTQGALLNDKHSNGTVKDRSPYRALMSCPLGEAPSPYNSKFESVAWSASACHDGMGWLTIGISGPDNGAVAVLKYNGIITGTIKSWKKQILRTQESECVCMNGSCFTIMTDGPSNRAASYKIFKIKKGKVTKSIELNAPNFYYEECSCYPDTGIVMCVCRDNWHGSNRPWVSFNQNLDYQIGYICSGVFGDNPRPKDGEGSCNPVTVDGADGVKGFSYKYDNGVWIGRTKSNRLRKGFEMIWDPNGWTNTDSDFSVKQDVVAITDWSGYSGSFVQHPELTGLDCIRPCFWVELVRGLPRENTTIWTSGSSISFCGVNSDTANWSWPDGAELPFTI,1601
115,A/England/594/2006|A_/_H1N1|$SEGMENT_NAME|2006-03-31|EPI168088|FJ445066,MNPNQKIITIGSISIAIGIISLMLQIGNIISIWASHSIQTGSQNHTGICNQRIITYENSTWVNHTYVNINNTNVVAGKDKTSVTLAGNSSLCSISGWAIYTKDNSIRIGSKGDVFVIREPFISCSHLECRTFFLTQGALLNDKHSNGTVKDRSPYRALMSCPLGEAPSPYNSKFESVAWSASACHDGMGWLTIGISGPDNGAVAVLKYNGIITGTIKSWKKQILRTQESECVCMNGSCFTIMTDGPSNRAASYKIFKIKKGKVTKSIELNAPNFYYEECSCYPDTGIVMCVCRDNWHGSNRPWVSFNQNLDYQIGYICSGVFGDNPRPKDGEGSCNPVTVDGADGVKGFSYKYDNGVWIGRTKSNRLRKGFEMIWDPNGWTNTDSDFSVKQDVVAITDWSGYSGSFVQHPELTGLDCIRPCFWVELVRGLPRENTTIWTSGSSISFCGVNSDTANWSWPDGAELPFTI,1601
123,A/Hong_Kong/4922/2005|A_/_H1N1|$SEGMENT_NAME|2005-12-20|EPI157760|,MNPNKKIITIGSISIAIGIISLMLQIGNIISIWASHSIQTGSQNHTGICNQRIITYENSTWVNHTYVNINNTNVVAGKDKTSVTLAGNSSLCSISGWAIYTKDNSIRIGSKGDVFVIREPFISCSHLECKTFFLTQGALLNDKHSNGTVKDRSPYRALMSCPLGEAPSPYNSKFESVAWSASACHDGIGWLTIGISGPDNGAVAVLKYNGIITGTIKSWKKQILRTQESECVCMNGSCFTIMTDGPSNGAASYKIFKIEKGKVTKSMELNAPNFHYEECSCYPDTGTVMCVCRDNWHGSNRPWVSFNQNLDYQIGYICSGVFGDNPRPKDGEGSCNPVTVDGADGVKGFSYKYGNGVWIGRTKSNRIRKGFEMIWDPNGWTNTDSDFSVKQDVVAITDWSGYSGSFVQHPELTGLDCIRPCFWVELVRGLPRENTTIWTSGSSISFCGVNSDIANWSWPDGAELPFTI,1731
